SalesOrderID,SalesOrderDetailID,ProductID,OrderQty,UnitPrice,LineTotal,ModifiedDate
1029,1,479,8,1141.8977364641964,44737.12560733726,2023-01-01
1170,2,917,1,3889.780783717104,24970.465578288666,2023-01-02
939,3,503,5,1586.7472220474951,20001.866968631803,2023-01-03
973,4,1116,5,2749.168578463937,22506.641980233526,2023-01-04
782,5,612,9,3402.0203157937435,42354.987347982664,2023-01-05
1,6,220,8,3113.8360645977937,10159.907470765449,2023-01-06
115,7,541,2,2172.8321396463753,28711.261442754218,2023-01-07
1055,8,1314,1,3924.4152206738986,45732.46718618535,2023-01-08
321,9,1204,5,4738.4505749501795,45378.1885991634,2023-01-09
248,10,261,3,4335.13241743908,30532.11063878262,2023-01-10
325,11,84,7,2391.819758607452,7972.562513413914,2023-01-11
995,12,1018,7,1846.6773545880678,21158.381542257936,2023-01-12
1218,13,130,7,2366.4129621769134,36829.61025607295,2023-01-13
133,14,938,3,581.8820125878407,23057.865541911582,2023-01-14
790,15,287,2,4969.713001990073,26921.70937756619,2023-01-15
1176,16,1427,7,4672.457320473127,44416.22745587623,2023-01-16
1329,17,574,4,4548.696758379743,27661.673320118363,2023-01-17
765,18,889,4,3100.3800220854173,37719.46101198151,2023-01-18
1247,19,246,7,1335.788959943014,2261.5380477868457,2023-01-19
1163,20,1375,6,3901.3038973079556,28301.976978127637,2023-01-20
918,21,359,8,4976.997129238108,16491.959077979554,2023-01-21
515,22,231,8,4308.126566031449,39667.89269812787,2023-01-22
104,23,1032,7,3544.816165331107,46666.24704539277,2023-01-23
830,24,1290,5,1290.029864853674,46241.085544749265,2023-01-24
840,25,128,6,4986.880022678804,23064.593519728172,2023-01-25
1008,26,1397,4,1438.288734446882,12619.976395343745,2023-01-26
685,27,1439,9,1923.6870006930326,30827.344738768912,2023-01-27
1090,28,1353,9,4257.142166673347,40323.00218545497,2023-01-28
1496,29,14,2,2998.2700208162387,18878.1969020996,2023-01-29
1121,30,1148,3,3318.178151339619,31292.10807099747,2023-01-30
1134,31,145,1,821.6488015563116,877.3313453720187,2023-01-31
465,32,1327,3,1146.0487278235641,21633.15174782381,2023-02-01
907,33,1039,1,4579.554078473014,43701.45292186836,2023-02-02
111,34,1490,6,1752.836180919916,28943.559400981256,2023-02-03
178,35,88,2,4352.712706057316,37682.61070681476,2023-02-04
1271,36,576,8,4637.374309236507,38309.19110048166,2023-02-05
226,37,1184,8,2751.108587315713,40772.00045834626,2023-02-06
212,38,1479,8,1329.225058406866,3660.2362670865127,2023-02-07
678,39,734,5,2143.9828030504123,4905.130179344835,2023-02-08
173,40,1183,6,1552.777961979614,8709.335718443046,2023-02-09
1281,41,741,6,2743.0511089342144,22203.988246057583,2023-02-10
402,42,786,9,4530.235466760471,12329.935505350993,2023-02-11
178,43,108,5,4096.047350673679,21148.161207568548,2023-02-12
708,44,851,1,3749.989138182134,33360.93143070412,2023-02-13
794,45,1442,3,2985.4572077996622,36981.36963746734,2023-02-14
178,46,290,4,3942.0577713604416,43732.704391721934,2023-02-15
88,47,919,9,1305.8609408863967,27617.055860495726,2023-02-16
968,48,310,8,2811.896249091559,34723.55521642384,2023-02-17
1390,49,166,5,4222.101510084249,27667.280647476702,2023-02-18
974,50,1210,9,3252.3176240716675,41667.18195316806,2023-02-19
706,51,975,7,688.0079102729987,43359.45417432829,2023-02-20
1490,52,542,8,4195.422222334755,46103.53259918431,2023-02-21
797,53,175,2,2740.933951394562,5320.4630207018035,2023-02-22
1276,54,68,7,4318.021447186858,10905.160569161164,2023-02-23
364,55,210,3,1960.5240066756246,35367.02498224865,2023-02-24
939,56,368,8,3138.372543368834,18696.320664483166,2023-02-25
547,57,1338,7,991.4697347822436,1718.5671921916612,2023-02-26
901,58,735,3,4424.044898183407,12048.759323160488,2023-02-27
1426,59,1029,4,935.5018102192173,48506.65477450349,2023-02-28
589,60,1473,6,4040.7816754188275,47313.231346069006,2023-03-01
749,61,437,3,1628.6831268762485,12966.323270411494,2023-03-02
1027,62,300,4,1076.2470635060645,35845.36598493036,2023-03-03
1138,63,736,4,739.8667317369391,5080.643961280591,2023-03-04
423,64,882,3,1748.9250932468117,19439.666036018945,2023-03-05
356,65,1334,1,2922.9948282623704,11688.787466113139,2023-03-06
465,66,1146,4,2961.295354521381,20836.484058810747,2023-03-07
1072,67,1439,5,1246.4575271216272,17246.65783879618,2023-03-08
1144,68,431,1,3440.17889695889,24505.592124816572,2023-03-09
235,69,241,7,4352.121810460574,13602.484028545692,2023-03-10
416,70,933,7,2442.3021027011023,29733.43187143969,2023-03-11
1394,71,13,3,3361.999519795196,24534.047520070853,2023-03-12
419,72,1099,1,4981.7483117202,14687.36796061593,2023-03-13
1358,73,510,2,1805.66475258012,2159.709785723391,2023-03-14
149,74,1124,6,2040.434710899736,36441.54282976977,2023-03-15
596,75,764,3,3056.7807707434085,1261.4262822689252,2023-03-16
1394,76,10,9,1798.3027113454154,4722.528228429844,2023-03-17
1318,77,274,9,1567.2379910657787,7197.84457567805,2023-03-18
126,78,416,4,4783.500379743126,20548.889734523997,2023-03-19
529,79,145,4,1193.4239289553184,37312.59597063063,2023-03-20
269,80,1173,1,4956.586691688598,20958.562099695042,2023-03-21
306,81,637,6,3460.868617565266,45556.9188398769,2023-03-22
988,82,813,2,3872.8817535395124,32497.079839681533,2023-03-23
1420,83,465,1,1750.0163615298816,5240.983507791223,2023-03-24
278,84,512,5,3425.17337512239,16092.397834704745,2023-03-25
305,85,489,3,619.1870813906263,10751.763187938512,2023-03-26
1097,86,325,8,4542.313027582903,33510.39090480181,2023-03-27
136,87,625,8,3309.5885767171717,48967.49993422386,2023-03-28
976,88,1282,3,2565.0443624209397,17627.176636520882,2023-03-29
1147,89,627,1,2776.829398719642,13461.918846582857,2023-03-30
1293,90,1443,8,2201.0670409526265,28666.111713501647,2023-03-31
788,91,1350,1,679.85490918522,47720.2053916434,2023-04-01
1159,92,1482,2,2405.7479315673227,33571.66920447565,2023-04-02
933,93,1374,6,614.2654362150323,43507.848194746475,2023-04-03
763,94,776,5,3436.9222671433704,40756.69061208201,2023-04-04
595,95,823,8,3473.790190477248,46776.38290741247,2023-04-05
399,96,950,6,3191.5535250235553,39449.70410938486,2023-04-06
1493,97,853,8,2148.6085396513417,6186.77108151255,2023-04-07
625,98,154,9,1221.0707786208934,1472.7483404628715,2023-04-08
868,99,208,7,3879.63598600383,44893.95703122702,2023-04-09
895,100,437,4,3965.296934131765,14164.983048158405,2023-04-10
683,101,670,3,4146.238490935693,28829.942763419425,2023-04-11
1137,102,95,9,4546.784731097396,14860.487409868128,2023-04-12
591,103,497,2,1542.5630787182913,42704.05995374267,2023-04-13
153,104,1453,6,714.4943364047166,38702.568311676434,2023-04-14
1020,105,869,5,1698.760812586256,17034.33642526686,2023-04-15
1453,106,820,4,4484.873783444727,9196.288768592009,2023-04-16
441,107,489,2,4619.960269350411,30529.370587152796,2023-04-17
643,108,812,7,1339.9569389486962,31889.971651330332,2023-04-18
774,109,361,1,3004.948704106671,31950.94709844386,2023-04-19
864,110,786,3,4668.297194592651,18605.47755613593,2023-04-20
634,111,883,4,4892.830504503723,21885.765935905813,2023-04-21
1165,112,63,1,1714.946884686071,23773.230466500852,2023-04-22
773,113,463,5,3275.7942010075076,5855.488732293222,2023-04-23
267,114,564,4,2483.603809353155,49097.555065156965,2023-04-24
105,115,989,7,992.6651389663605,15463.554508309307,2023-04-25
453,116,959,7,4783.809214851322,19250.536633898693,2023-04-26
852,117,818,1,3593.5017887750387,32231.63538134042,2023-04-27
944,118,1129,1,3358.7816946096714,47092.19244669029,2023-04-28
589,119,1091,4,1903.0572229779782,23758.593756150825,2023-04-29
715,120,1032,9,1585.9538167613289,8769.616057865796,2023-04-30
1496,121,1192,5,2347.1924211527107,45154.33316882381,2023-05-01
1264,122,176,4,3161.641432170409,41164.857900533636,2023-05-02
120,123,620,2,3865.6523214047497,20248.769467290746,2023-05-03
1010,124,857,5,3349.3242273283277,2798.8795930096194,2023-05-04
307,125,130,9,2241.664804053324,45126.28143761913,2023-05-05
945,126,746,6,4470.753592951785,35396.32152391446,2023-05-06
1373,127,272,7,1878.8226936850251,48463.09492340419,2023-05-07
1482,128,491,4,4028.565116839348,15971.456018334158,2023-05-08
643,129,906,6,4091.0767108480245,41680.08889777309,2023-05-09
290,130,786,6,1302.3706347199222,29430.220977871275,2023-05-10
1466,131,520,8,3077.2061269862697,33951.90994501051,2023-05-11
696,132,569,2,658.5447194104938,35116.49345834738,2023-05-12
1122,133,1246,4,3766.633018223033,11707.3278390839,2023-05-13
137,134,282,2,4102.20259457427,20338.862150753994,2023-05-14
102,135,890,6,2322.1851625693844,48402.33498171369,2023-05-15
328,136,1386,5,1987.993336155115,19911.52370428414,2023-05-16
103,137,763,9,3409.067916148273,15332.943763038678,2023-05-17
1226,138,1089,8,3796.9562519302312,22044.17413536658,2023-05-18
324,139,183,3,2583.4320547124203,26982.729399280175,2023-05-19
1038,140,415,5,767.7146779244874,35660.694303833385,2023-05-20
986,141,331,7,1226.2667770996832,15012.018131914316,2023-05-21
237,142,213,8,515.4885596396176,40616.86637368326,2023-05-22
223,143,1065,4,3848.2235625815265,40880.74947224599,2023-05-23
47,144,1496,7,683.8028871067003,38364.17781187606,2023-05-24
383,145,223,3,2125.9115700831862,5835.445089682996,2023-05-25
1086,146,1240,7,3777.1702071658756,977.2442832408245,2023-05-26
449,147,623,3,3123.283253342199,35796.370698392675,2023-05-27
1159,148,230,9,4779.635664503985,48691.84892687811,2023-05-28
844,149,484,2,1554.4879915356823,39389.897119792164,2023-05-29
839,150,273,3,3093.420641302519,22576.701275674375,2023-05-30
113,151,909,6,4600.845663666482,24979.653698140737,2023-05-31
461,152,899,1,1757.3782186490528,25797.546542884164,2023-06-01
184,153,334,9,1562.9468198488978,13721.8945819712,2023-06-02
220,154,811,4,3442.3440202407774,42959.849667660914,2023-06-03
1461,155,738,1,2849.4643701505174,1816.728002482672,2023-06-04
481,156,277,9,4814.832368159356,36056.14065220281,2023-06-05
520,157,559,7,4990.632701238218,33606.071748121845,2023-06-06
155,158,593,1,3809.9083706352126,5740.0855106108365,2023-06-07
763,159,495,4,1397.7027962653324,35941.74466535684,2023-06-08
1180,160,1096,5,4972.219974096188,32406.359558968583,2023-06-09
66,161,402,3,3655.7585398758765,30643.94615028238,2023-06-10
945,162,9,7,2635.3691157844755,28915.681979555993,2023-06-11
297,163,968,6,1168.066184864717,48724.030915905096,2023-06-12
917,164,329,4,4260.199173759708,924.3987111915142,2023-06-13
1375,165,1227,5,4378.407745831497,7434.658028899468,2023-06-14
751,166,337,1,2680.071296944688,15844.878052686223,2023-06-15
1362,167,877,3,4404.621312075025,41957.93678318669,2023-06-16
807,168,680,3,4136.13190495802,42516.021950577364,2023-06-17
485,169,144,5,4906.840591064254,8857.09523982057,2023-06-18
583,170,308,9,4705.411764759985,22660.518121882724,2023-06-19
1377,171,290,4,3033.4270950885234,44229.727805953386,2023-06-20
179,172,1158,9,3406.578901030966,32146.236725439678,2023-06-21
662,173,1064,9,4598.652985583746,9534.162488666148,2023-06-22
317,174,845,3,1927.4627096874635,1295.1498519729023,2023-06-23
1304,175,540,8,1701.223271549584,23923.576607707128,2023-06-24
867,176,549,1,1942.410374905731,39483.70639459933,2023-06-25
1332,177,814,7,3545.0386987642396,43655.95189556162,2023-06-26
1024,178,189,8,951.5976046173546,41650.008646596114,2023-06-27
1165,179,863,1,1618.995522135559,33900.724475198454,2023-06-28
744,180,362,7,2696.6359969884343,38339.29453299452,2023-06-29
883,181,1014,3,1679.6265991790528,32290.461763671505,2023-06-30
232,182,1100,1,2394.281008709822,24694.974626036706,2023-07-01
1418,183,158,2,3667.386788894477,33312.333389259176,2023-07-02
1092,184,1262,8,2203.223682875184,14627.723278730728,2023-07-03
636,185,1192,1,1306.5935703427713,25901.988498396513,2023-07-04
723,186,1236,8,4463.7268685188665,7334.722507777684,2023-07-05
347,187,1025,9,2161.4035974521803,40183.25766258849,2023-07-06
989,188,807,6,962.0934768398176,18155.810069550644,2023-07-07
440,189,128,4,1698.7450961907214,12550.62799612562,2023-07-08
1303,190,380,2,2359.0554027409703,2434.02688648928,2023-07-09
454,191,1458,7,1997.9393416893397,3403.7985588351908,2023-07-10
648,192,963,7,3941.757465684319,25164.2434815053,2023-07-11
383,193,31,5,2240.9353105694163,26845.786775809138,2023-07-12
214,194,760,7,949.4271706271941,21175.787379249883,2023-07-13
14,195,52,3,2386.424003774472,48762.837004766705,2023-07-14
831,196,294,4,4309.083922155844,5435.228786430376,2023-07-15
502,197,122,2,2572.3188805077593,49720.195658074015,2023-07-16
992,198,1144,3,3617.988905687976,19288.319782269784,2023-07-17
415,199,1432,5,1945.3186338572762,40349.39789044825,2023-07-18
385,200,429,4,4871.317831485314,2344.933481008092,2023-07-19
560,201,1076,6,3630.741478165414,22577.605940974423,2023-07-20
514,202,600,2,1363.2449246220967,43291.17624239783,2023-07-21
1241,203,467,7,3723.882063069125,30002.40601556257,2023-07-22
437,204,1263,5,1793.4207423707137,8796.308798359196,2023-07-23
529,205,877,7,1924.386717901554,33743.30516912239,2023-07-24
1334,206,602,8,3477.794224669517,47035.69870897692,2023-07-25
668,207,535,7,1861.3403217869331,43211.541548232715,2023-07-26
914,208,406,3,3595.3251968316836,28914.70281703014,2023-07-27
714,209,1390,7,635.4192335914747,25563.59386500172,2023-07-28
792,210,1089,1,3867.894339049277,38483.9419968574,2023-07-29
920,211,1159,7,4878.091959782449,49110.149244883825,2023-07-30
1087,212,403,5,529.9968486891614,28195.785234268,2023-07-31
936,213,16,8,3154.072570847743,19796.26762285879,2023-08-01
341,214,315,8,1031.6405687701877,25986.54845092407,2023-08-02
594,215,60,6,4732.08366727078,13275.630814771268,2023-08-03
403,216,334,8,1263.7442440493573,34217.2341221677,2023-08-04
609,217,1145,3,2204.086865958512,49200.35415005228,2023-08-05
500,218,1052,7,688.6095863508667,22838.39529732652,2023-08-06
194,219,484,2,4480.459782462265,33259.21910404925,2023-08-07
312,220,447,3,1868.841436002781,31636.115415396336,2023-08-08
375,221,1230,8,769.2278695356467,23010.190572613774,2023-08-09
872,222,1343,9,4496.024842146529,44061.59560355332,2023-08-10
296,223,1378,9,595.308554453307,12523.035338104173,2023-08-11
554,224,277,6,502.2898331054923,1554.165386117419,2023-08-12
920,225,527,1,2925.6348729416964,40709.68331246894,2023-08-13
628,226,495,8,3130.5877937095465,37734.194922531,2023-08-14
520,227,325,9,504.4656599364433,47281.34255092879,2023-08-15
392,228,1142,3,4245.287434813811,26479.317151821146,2023-08-16
534,229,1115,1,1751.876474913795,6814.717142789806,2023-08-17
925,230,130,3,3922.347377776306,46166.26227210823,2023-08-18
1453,231,474,2,3768.4985972144223,30251.908518583456,2023-08-19
427,232,132,9,2784.8515091354784,43903.47475924258,2023-08-20
534,233,1462,7,2717.3997526990324,35022.51479781274,2023-08-21
147,234,1406,1,4920.5027675958345,5171.888378843241,2023-08-22
1018,235,913,5,2636.2389246576586,45129.5291916854,2023-08-23
585,236,87,1,691.0342584764824,23361.455952845703,2023-08-24
901,237,667,9,3161.867934216145,30208.640778124438,2023-08-25
179,238,666,3,4454.535046336613,41214.25362029281,2023-08-26
769,239,1339,7,1136.038278213793,27715.523433768227,2023-08-27
1299,240,869,3,4303.646400832578,3669.179233617655,2023-08-28
1157,241,762,3,2715.0875828856706,18334.745516830015,2023-08-29
640,242,157,1,4693.768640905508,23214.206662392684,2023-08-30
970,243,253,2,4456.814732010647,44835.488858884724,2023-08-31
1208,244,110,2,894.8214345470963,37956.481992366935,2023-09-01
1112,245,1274,9,4795.437166597627,48439.383857552166,2023-09-02
356,246,367,2,945.5155667076708,15509.586760411434,2023-09-03
481,247,658,8,4895.742901888798,20960.398054956564,2023-09-04
15,248,1386,5,938.5775571972144,39030.31179370766,2023-09-05
1274,249,586,8,1285.5854839295955,47403.73963615696,2023-09-06
810,250,1370,1,3697.1541561220706,43190.86587033089,2023-09-07
532,251,161,2,1457.8368263529858,38429.09018205206,2023-09-08
245,252,964,1,4422.571673073076,6960.726435839128,2023-09-09
1428,253,478,4,1080.1865750823924,30155.803121353478,2023-09-10
21,254,1481,4,1210.0787886533135,33661.08789057587,2023-09-11
834,255,1039,2,2233.7214352370447,44144.68172482578,2023-09-12
1495,256,1145,6,1792.3159255651376,41927.303342978026,2023-09-13
1370,257,1069,3,2027.8535174255517,36059.76190890935,2023-09-14
48,258,269,9,4999.668598256347,23390.98744998436,2023-09-15
185,259,408,4,4887.634061688753,21489.573097775254,2023-09-16
1051,260,637,5,2305.907405522871,34874.2033094917,2023-09-17
1198,261,1091,3,714.9672133792483,45603.755818280864,2023-09-18
449,262,1199,2,3106.697421654745,18747.438238216942,2023-09-19
5,263,1194,7,3354.979135906879,5990.03984431553,2023-09-20
1428,264,94,9,2951.6971871714254,5934.999173680679,2023-09-21
298,265,182,7,1792.7073684323798,9159.70813198507,2023-09-22
1465,266,737,5,2658.055767076747,34771.0543017321,2023-09-23
1348,267,1045,1,3999.9918216928786,18609.781244752372,2023-09-24
1328,268,246,3,3576.153139395595,29534.986526167362,2023-09-25
568,269,1396,2,2651.9179467723775,15704.74888180694,2023-09-26
1022,270,1219,6,1507.7570887664656,26853.608692468773,2023-09-27
1163,271,225,9,1082.9893341419825,33900.321112616075,2023-09-28
1228,272,698,8,923.6338236538711,46156.10155640417,2023-09-29
18,273,143,3,515.7723194971762,37275.690355657665,2023-09-30
355,274,252,2,4209.458325023791,36802.842971508726,2023-10-01
669,275,264,8,3121.4990873226466,17566.68570726113,2023-10-02
835,276,1091,2,1266.4777206488345,16316.178090139223,2023-10-03
707,277,1367,5,830.6353205539071,5360.083780979803,2023-10-04
262,278,1052,1,4825.473305796854,3796.5085565274053,2023-10-05
1425,279,554,5,3329.0438688358026,6790.1079403162685,2023-10-06
1151,280,1350,9,2246.5468163975647,23589.392385637348,2023-10-07
854,281,349,3,3057.366954021792,32272.84152129401,2023-10-08
319,282,862,2,3193.4214771114434,24996.077657281672,2023-10-09
687,283,394,9,4458.538147699799,30115.66625689022,2023-10-10
1167,284,95,3,2845.857050161105,41006.56202821091,2023-10-11
146,285,219,3,1304.3106023220237,8760.235071903566,2023-10-12
69,286,1159,9,2896.0451251499426,11430.581905785242,2023-10-13
674,287,909,7,1555.6572259216919,40043.56419823287,2023-10-14
531,288,513,5,1752.9153232998765,9047.657246945028,2023-10-15
337,289,1169,8,4994.153223199853,38186.18240583918,2023-10-16
898,290,936,6,1189.3502577001468,37856.34942069853,2023-10-17
301,291,843,4,4876.753932633889,36954.90974972552,2023-10-18
505,292,728,2,2015.4898119348259,38728.26991878514,2023-10-19
188,293,604,2,1192.1463757307956,8773.247039449972,2023-10-20
1377,294,636,6,3885.1483638544037,41762.60173346934,2023-10-21
596,295,1210,8,3731.684159826129,779.6996177394261,2023-10-22
1327,296,7,6,4066.02542438009,26835.734145987502,2023-10-23
1091,297,953,5,3913.7676360809014,14241.488291344212,2023-10-24
165,298,446,7,2219.385334216907,26711.4748006785,2023-10-25
1002,299,1015,2,2617.230141042803,47631.95163152725,2023-10-26
895,300,632,3,2713.7070324348474,3087.3162661473766,2023-10-27
1408,301,103,4,1908.8238146667113,23868.66878677442,2023-10-28
1493,302,587,1,4901.021590485674,6693.520856899046,2023-10-29
97,303,817,7,1985.6082653722992,19682.649149735917,2023-10-30
1036,304,201,1,4424.210377028936,9261.116119841996,2023-10-31
433,305,131,4,2200.55343296381,37546.34369249433,2023-11-01
1480,306,684,6,4047.231770854162,17555.228766601445,2023-11-02
1340,307,1273,8,2940.2253862435145,22175.12253304235,2023-11-03
320,308,1123,9,2958.0895801066927,11782.607007830491,2023-11-04
400,309,1183,8,860.0990357216888,23769.850856431385,2023-11-05
322,310,48,9,3035.0112843942634,14360.336481812386,2023-11-06
1039,311,16,2,4126.860608468594,15180.631658662469,2023-11-07
854,312,609,3,3649.8778123926836,21480.38142448885,2023-11-08
1386,313,825,4,4834.799135630675,38999.4671202657,2023-11-09
639,314,35,7,3261.723666956844,18737.09214993244,2023-11-10
154,315,107,8,1294.2182421168152,25414.78808945097,2023-11-11
238,316,1030,9,4256.528014909425,45421.51632010948,2023-11-12
646,317,41,8,2846.268908132082,7161.055894987288,2023-11-13
696,318,208,8,2198.7285844020716,25087.119833867833,2023-11-14
350,319,253,7,2902.412130705337,30985.45572454251,2023-11-15
1182,320,1025,1,812.268739796406,32418.134138407386,2023-11-16
1317,321,1017,9,2950.060808427949,10851.558809374386,2023-11-17
188,322,1143,5,751.517503779955,49507.074047419024,2023-11-18
702,323,599,5,2132.5371792977157,2861.6234101201467,2023-11-19
1281,324,740,6,4832.639373558961,28070.547856066074,2023-11-20
1013,325,919,9,3436.762587699878,46155.844159870234,2023-11-21
586,326,577,9,3910.7814945958835,1964.0168181190675,2023-11-22
385,327,571,5,1981.1563112450501,38413.764515676165,2023-11-23
1339,328,926,7,1849.3177839071504,7759.9064820542035,2023-11-24
531,329,299,2,4639.180915798099,13746.422223027163,2023-11-25
1183,330,1404,8,4980.4585880240475,31667.987615262307,2023-11-26
1452,331,1242,2,508.35179581098066,29524.004979970057,2023-11-27
194,332,122,2,4108.463500913291,3921.1036038018456,2023-11-28
469,333,298,5,4235.418102664371,10419.089592299391,2023-11-29
878,334,549,7,3722.747498888825,42617.666885579376,2023-11-30
1346,335,148,9,1077.5114209881244,35479.421643437716,2023-12-01
580,336,910,3,2392.4599832459444,2507.4706344591987,2023-12-02
247,337,760,5,3721.767278165771,38260.883752841306,2023-12-03
1184,338,234,7,4750.690731790336,30529.631952541084,2023-12-04
1177,339,408,8,1378.5554128981348,4646.97570221833,2023-12-05
1388,340,1137,2,4046.4207163584592,30045.512362206373,2023-12-06
1283,341,610,4,4772.968898453892,21246.413578070027,2023-12-07
1141,342,30,3,2424.430977336181,42064.2168372512,2023-12-08
141,343,1260,1,4716.95678590284,846.4226773389603,2023-12-09
1066,344,1147,3,558.3924753572161,9954.197924744774,2023-12-10
1075,345,180,8,3144.305563477187,16911.919299389934,2023-12-11
697,346,1111,3,3936.050079055765,49877.864871753656,2023-12-12
1338,347,443,5,4336.7810820754385,34754.296936814724,2023-12-13
577,348,569,5,1246.4636340842735,20447.391559687403,2023-12-14
428,349,115,7,2065.4729129666966,8959.258791147447,2023-12-15
1220,350,660,9,1660.4534678633454,48932.815986583446,2023-12-16
1014,351,1201,6,2414.4345161604765,19806.437320275807,2023-12-17
375,352,1326,9,4744.135326463519,29238.399264973144,2023-12-18
1139,353,100,5,3943.5642019628885,42436.137501864556,2023-12-19
403,354,159,9,1293.4121971351024,4315.236927205637,2023-12-20
1370,355,750,9,1756.8792728719325,16772.493304933003,2023-12-21
112,356,112,6,3003.3053186976326,12363.174263446981,2023-12-22
3,357,421,8,3609.1960654208183,18860.559074090383,2023-12-23
533,358,118,5,3724.195404777985,1140.191430813436,2023-12-24
939,359,928,1,2315.754556789927,49843.3699191434,2023-12-25
897,360,451,5,2088.4220578041745,3725.0834562479363,2023-12-26
751,361,1233,1,3286.1715454320633,25187.850241801632,2023-12-27
46,362,891,9,3182.873667800279,39820.042675129764,2023-12-28
746,363,1452,5,3758.2083480244037,19573.634451802536,2023-12-29
1459,364,1254,8,3855.893516627886,21925.79847573524,2023-12-30
1497,365,471,3,4067.902733326086,29895.3238795393,2023-12-31
194,366,685,3,4057.78372835479,49540.692763914456,2024-01-01
67,367,778,7,4645.162325770358,18890.316938252403,2024-01-02
1061,368,1312,1,3164.869896711332,30729.24376860179,2024-01-03
925,369,1007,7,607.7348600932481,31095.311647766266,2024-01-04
456,370,603,3,1403.3190328423075,43486.76051095526,2024-01-05
783,371,476,7,1114.3941726950352,49732.332368516516,2024-01-06
166,372,882,2,2677.431523400283,9434.067995449073,2024-01-07
320,373,404,8,2718.3607948304925,2396.19025885671,2024-01-08
833,374,121,7,4590.87203752258,44738.402557271176,2024-01-09
462,375,466,3,4607.936048013245,43015.083647143714,2024-01-10
1500,376,1406,6,3087.3751322314556,12825.17294263034,2024-01-11
361,377,862,8,4686.4936562543235,29171.190948662534,2024-01-12
1395,378,1023,2,1018.2204102359059,36230.70267080584,2024-01-13
1434,379,1335,5,789.0170237896239,20346.464159069255,2024-01-14
872,380,583,1,3441.9380976805596,38790.30157435349,2024-01-15
1083,381,176,9,740.7286878829503,16100.121014658276,2024-01-16
767,382,1052,9,4697.626529417145,4898.8312590416745,2024-01-17
744,383,1241,7,1049.083557918223,18366.29738180448,2024-01-18
219,384,153,4,4660.020967957987,45323.25371094831,2024-01-19
1343,385,1488,8,3235.4906158730114,37769.894502146846,2024-01-20
224,386,1306,7,2092.8902914724413,7943.65546546476,2024-01-21
791,387,1297,5,1280.2198808959743,49072.00968415677,2024-01-22
141,388,764,2,1578.4208519820725,45668.627559914115,2024-01-23
1045,389,1392,9,3300.5702893222197,29967.762678709445,2024-01-24
830,390,1182,9,517.6079680937038,3968.9951547524406,2024-01-25
326,391,607,4,3753.5360966199933,14056.496531160152,2024-01-26
459,392,739,6,4072.1993244367113,25815.5571651668,2024-01-27
63,393,597,8,4647.462281994134,9302.697308874645,2024-01-28
1485,394,1242,7,2447.7411666176486,14387.035080757516,2024-01-29
819,395,38,6,2095.736151357221,18824.903327896376,2024-01-30
843,396,938,8,3247.286089820096,29303.29738948871,2024-01-31
139,397,227,8,1511.1100957612603,38202.88704300615,2024-02-01
842,398,985,7,2971.714870376415,17596.84920396067,2024-02-02
1362,399,472,7,3582.8291259506636,44241.12040131136,2024-02-03
521,400,886,6,4898.160122353839,939.4718406237208,2024-02-04
1224,401,842,1,2030.6582440586078,43361.333418150505,2024-02-05
1181,402,788,7,4937.089565753285,803.6019232719452,2024-02-06
449,403,1111,2,1156.8464448261773,39113.70966944163,2024-02-07
495,404,1315,9,2960.250000554844,33284.61192115391,2024-02-08
696,405,47,6,3673.173588755389,44418.7075057517,2024-02-09
1282,406,582,2,544.5765538714672,4343.71035860407,2024-02-10
419,407,581,1,1181.6446242936645,19306.602257982435,2024-02-11
1487,408,235,1,4402.605729898102,7759.929747284388,2024-02-12
1110,409,748,6,2528.861460941668,35280.61710368558,2024-02-13
577,410,598,3,1786.7433979777486,36627.31886328188,2024-02-14
1021,411,196,7,598.002844298791,23701.76618786297,2024-02-15
391,412,982,6,612.9041429247794,48579.41346228371,2024-02-16
1290,413,323,8,2297.132982850565,31721.882515335376,2024-02-17
277,414,1191,2,880.2665459972189,7830.999304387831,2024-02-18
252,415,333,7,4127.9943055108915,37665.2222619715,2024-02-19
1463,416,874,9,1972.1025945623546,3911.239803845381,2024-02-20
633,417,946,6,1009.8542520352637,36120.16478001889,2024-02-21
604,418,355,8,715.8863320983461,42342.124046125355,2024-02-22
905,419,808,3,1087.2663168418585,49617.50516537663,2024-02-23
794,420,185,1,2357.1264483846244,30531.55934826622,2024-02-24
926,421,1077,4,770.1831929018963,43350.97985363265,2024-02-25
14,422,1327,7,1499.9126314573855,18515.98011959892,2024-02-26
834,423,198,1,536.9276878396464,46251.120184639505,2024-02-27
406,424,465,4,820.7286898206733,28411.65974506244,2024-02-28
526,425,1128,1,2535.014722295965,42240.82783085394,2024-02-29
817,426,640,1,4014.18568857012,37069.67374610678,2024-03-01
537,427,730,4,2956.489463554603,3255.7038050660194,2024-03-02
192,428,1058,3,1163.9954537550993,19903.138887010085,2024-03-03
947,429,438,5,4695.444991684473,46597.596766253584,2024-03-04
1255,430,932,7,2255.731851566917,12652.274692853412,2024-03-05
1175,431,1450,5,4101.252109339737,7882.348778688541,2024-03-06
153,432,1499,3,1444.8240833397476,10706.823355919061,2024-03-07
1476,433,522,1,701.604236836426,32820.812261717656,2024-03-08
767,434,905,3,1555.5634690415936,16874.254052006647,2024-03-09
686,435,1369,7,3684.004129219518,36986.59464609379,2024-03-10
773,436,565,7,4123.1838871870295,21423.46265038009,2024-03-11
575,437,128,2,3079.7210302981844,35642.460193121384,2024-03-12
1056,438,593,9,3212.114025414013,38650.61666244992,2024-03-13
900,439,280,4,2112.3395415175437,45227.7084896675,2024-03-14
963,440,357,1,858.1742563621266,38582.97674022768,2024-03-15
1416,441,803,6,3889.313677417378,39002.42587263152,2024-03-16
912,442,729,1,4715.257602799787,19101.256167746265,2024-03-17
261,443,1237,7,4811.621861140443,15638.015169784172,2024-03-18
1276,444,414,8,3707.3209563118,14578.340530814088,2024-03-19
122,445,210,1,703.2392616832183,49791.7421537999,2024-03-20
1042,446,334,7,2314.206151406914,20653.15592850139,2024-03-21
196,447,676,5,896.4260992757006,37650.53226745056,2024-03-22
1484,448,997,9,1061.9919728352518,46280.950452869714,2024-03-23
875,449,120,6,3691.78090809845,45401.617909534136,2024-03-24
863,450,969,9,1505.5866292160906,2640.456112417339,2024-03-25
812,451,1345,7,2412.719768562655,35047.53145406556,2024-03-26
1259,452,661,7,2967.833529667618,37024.03820986874,2024-03-27
1314,453,1498,2,4551.499426212291,11671.98851932864,2024-03-28
736,454,456,3,3218.6684659193334,18443.1155466979,2024-03-29
1188,455,710,2,1507.039218323592,46421.32665739987,2024-03-30
320,456,637,7,3206.454005119161,48804.0004668192,2024-03-31
1103,457,435,2,1413.2008902628422,13419.55407328182,2024-04-01
1235,458,1158,8,3525.2468243660624,33316.29021985752,2024-04-02
1171,459,1337,6,2452.253163827625,25816.39385983078,2024-04-03
643,460,1123,5,3473.7840875420943,3190.6207655533135,2024-04-04
548,461,896,6,2653.918217749496,23701.89774892949,2024-04-05
1399,462,67,1,4644.2863802614065,12229.486609197229,2024-04-06
323,463,858,1,4545.972731403963,21080.213425549573,2024-04-07
128,464,1385,6,3324.2130288420767,35534.6722225041,2024-04-08
1172,465,1124,4,2982.610349375214,10208.5019874302,2024-04-09
250,466,167,2,1736.7906879706884,10039.940655951688,2024-04-10
961,467,814,4,1164.8149468987635,7417.2839826545405,2024-04-11
1374,468,580,6,3305.6149087402623,17462.238658710256,2024-04-12
1039,469,461,7,2113.6498607877757,37993.786389987836,2024-04-13
550,470,914,6,3139.0249912093695,31016.54519009832,2024-04-14
568,471,666,5,2496.4317075049976,36024.49479398946,2024-04-15
266,472,1087,5,646.6525939602591,32615.489242775613,2024-04-16
351,473,1062,6,2275.216225921792,7257.856078150621,2024-04-17
1399,474,254,1,1611.0949659493072,46916.34120994983,2024-04-18
944,475,825,7,2939.3656494021147,9147.686242083557,2024-04-19
269,476,423,2,3178.7471842137147,9989.472325516486,2024-04-20
531,477,19,6,813.7997721964489,36803.71014218282,2024-04-21
1460,478,373,5,4098.5666131213875,7555.7281440030065,2024-04-22
1486,479,1246,7,4129.351876228064,41547.2352400178,2024-04-23
43,480,274,6,1560.0472394565008,27068.718329774598,2024-04-24
1090,481,168,8,3493.4970084987044,39315.74324807955,2024-04-25
681,482,1331,7,521.2546646036227,49442.166099528025,2024-04-26
153,483,1032,4,4356.290057335578,19110.060695853062,2024-04-27
1238,484,1148,3,1469.0016240462592,10495.171990246552,2024-04-28
1298,485,1168,9,1089.142664056798,49571.73877542926,2024-04-29
429,486,942,7,1403.9734811154126,39551.36993371541,2024-04-30
354,487,3,4,1614.212251149978,1641.1753703329055,2024-05-01
1438,488,1405,5,2998.306110857832,49807.499523943115,2024-05-02
534,489,205,8,4508.131121602792,10082.70080003777,2024-05-03
430,490,477,4,3066.51486212745,33711.37907144114,2024-05-04
1004,491,510,9,577.8056391447777,42026.360888375406,2024-05-05
787,492,530,4,2527.5457141001134,6354.529212846024,2024-05-06
387,493,164,4,2226.488001157426,17940.564550249524,2024-05-07
829,494,96,3,4208.818032607311,7525.703013981472,2024-05-08
651,495,1203,9,1059.5702759869466,30597.478440465195,2024-05-09
817,496,83,6,1461.7789470385962,17125.480638602978,2024-05-10
1147,497,1446,9,2623.792332431629,19389.534238702287,2024-05-11
347,498,723,5,2865.3289418215813,32142.014425314253,2024-05-12
175,499,876,5,2328.528981108,47873.52676145142,2024-05-13
428,500,1295,5,3115.261916755211,13375.03874519362,2024-05-14
560,501,105,5,1234.9886813075727,30022.71136919142,2024-05-15
103,502,1291,3,2326.7438757298423,14826.996791009591,2024-05-16
1269,503,699,7,1760.2003801497426,31918.85109893895,2024-05-17
793,504,342,8,515.1778814281815,33305.57482268227,2024-05-18
467,505,999,1,4245.560783624684,6751.287030011411,2024-05-19
865,506,1401,4,4358.66878329975,15756.870198556071,2024-05-20
293,507,883,3,4310.70492635634,11696.198647191273,2024-05-21
92,508,392,7,1728.3258382038757,37843.61385887924,2024-05-22
711,509,1233,7,4382.275242876984,23761.501759334922,2024-05-23
657,510,1116,3,4077.187720773222,36284.16439927875,2024-05-24
1328,511,1322,5,3466.510979217701,30688.01292072243,2024-05-25
1380,512,464,2,3752.105185385156,13726.171580699624,2024-05-26
688,513,543,1,3873.9920598458134,7841.998964419229,2024-05-27
1485,514,132,3,4160.471756830257,23379.100320378904,2024-05-28
827,515,888,7,3803.455937933015,7926.892251957827,2024-05-29
566,516,1101,5,726.4918101527521,45518.0013077433,2024-05-30
1198,517,1307,3,3199.906392302118,11719.618810068516,2024-05-31
1393,518,265,1,2721.8382001098125,47465.930152944,2024-06-01
1394,519,364,2,1219.9855196627022,27700.49595004024,2024-06-02
285,520,581,4,3740.6805203304093,16524.086332544728,2024-06-03
820,521,930,5,3021.8626133312387,21740.01118430853,2024-06-04
282,522,1384,9,2422.0465029136476,8718.771172203751,2024-06-05
336,523,577,3,2792.33046758265,11894.949532462835,2024-06-06
739,524,350,1,3359.6285781652236,32064.53597300335,2024-06-07
1070,525,346,8,978.377360248064,19734.747217610005,2024-06-08
374,526,1111,5,2582.2027476126227,35128.84847918662,2024-06-09
1263,527,937,5,1002.1752072866988,48668.25213174256,2024-06-10
81,528,358,9,3087.888819997848,48401.62341615063,2024-06-11
1237,529,1076,1,3510.888773219653,42742.722612856596,2024-06-12
1376,530,457,9,1636.1802220191164,43121.955703487954,2024-06-13
1480,531,92,5,1861.9576256110172,13620.404370183174,2024-06-14
1319,532,783,5,4802.152956480987,37802.10210864088,2024-06-15
853,533,1329,7,2216.03214870773,31647.15812246008,2024-06-16
1043,534,234,1,670.398876842194,556.3408128257721,2024-06-17
1376,535,151,6,4229.61620530608,35437.20399885892,2024-06-18
879,536,818,4,4858.189432158844,15777.939584466234,2024-06-19
1017,537,683,8,1803.6082297085477,19285.733404695475,2024-06-20
56,538,447,9,2754.201545973766,1154.9663644325788,2024-06-21
1124,539,1065,7,1811.9248748745727,23951.146547410077,2024-06-22
849,540,405,3,4415.183517141495,31779.605953692528,2024-06-23
712,541,1324,9,2954.8406254185597,34085.62803529866,2024-06-24
840,542,38,3,1150.173148307439,8421.402572679874,2024-06-25
144,543,657,3,4441.23434624652,7708.1721822363725,2024-06-26
1402,544,259,2,891.4100049015864,24764.17492299841,2024-06-27
1006,545,1043,8,4197.978027233949,47358.80882861302,2024-06-28
1327,546,1087,6,556.0010611441697,42193.177836492956,2024-06-29
900,547,1093,4,4049.219704788848,40376.69557665327,2024-06-30
949,548,913,3,4610.70828538489,34705.66420922871,2024-07-01
825,549,26,6,2568.421969621855,10446.810367666792,2024-07-02
1309,550,1290,9,4901.638581628413,27084.275447775843,2024-07-03
521,551,360,9,3162.900694097683,39770.64004481115,2024-07-04
711,552,1437,5,1071.191121886798,20315.154355932384,2024-07-05
1477,553,215,9,1904.3258177492826,22220.708347651867,2024-07-06
829,554,1393,2,2922.38731566519,24281.8672452971,2024-07-07
668,555,546,7,3132.774650168107,40878.53998957091,2024-07-08
1114,556,1386,9,2199.227519928047,39753.639170487455,2024-07-09
1189,557,1200,9,1463.9710331371625,14513.373002288808,2024-07-10
90,558,503,1,2977.4756507848274,8065.158317798005,2024-07-11
984,559,208,2,2584.251125819744,13703.338462775351,2024-07-12
580,560,1200,6,2866.329520890529,14089.74688579289,2024-07-13
114,561,407,6,4884.4757901117755,28835.84881389864,2024-07-14
1130,562,1184,2,2858.999623306334,46394.68390177265,2024-07-15
1051,563,778,8,2106.485201460533,16706.062070511733,2024-07-16
532,564,992,2,1362.9381553938174,33971.46873804636,2024-07-17
927,565,758,7,3813.581917768979,19034.2354651038,2024-07-18
868,566,1263,9,1205.8309195328795,7934.988764864944,2024-07-19
1488,567,780,7,2121.9314271076664,35370.39985592867,2024-07-20
748,568,615,8,2785.1158670729915,29709.352756686378,2024-07-21
581,569,951,5,4476.20889473784,41174.954941856486,2024-07-22
1447,570,1495,3,4530.295401441282,39122.31750411974,2024-07-23
1207,571,393,5,3065.4565697706284,43396.23856326798,2024-07-24
190,572,143,2,4836.592191065809,7159.689285432639,2024-07-25
590,573,877,1,1120.6664520135437,41375.548635601124,2024-07-26
173,574,854,2,632.0985724607093,29288.73393884403,2024-07-27
629,575,74,2,3651.0844639960837,42275.877225462864,2024-07-28
1341,576,226,6,1266.6314818681972,49162.53342670591,2024-07-29
974,577,985,9,1191.3203589881232,29371.757505894788,2024-07-30
746,578,1495,5,4500.027560066732,10430.315629900504,2024-07-31
1339,579,251,5,3206.5732639205276,36111.529478897326,2024-08-01
675,580,976,9,1453.7248803722844,34807.846924291705,2024-08-02
505,581,1207,1,1543.769860522266,37088.94498944209,2024-08-03
743,582,404,9,3900.90604557089,38108.84480557159,2024-08-04
1312,583,215,5,2787.078159938466,34799.60165795571,2024-08-05
167,584,1422,7,2740.889911079995,4576.009539718867,2024-08-06
1191,585,991,9,4678.799076814359,20683.262205805782,2024-08-07
422,586,1241,2,4100.152504062411,40270.39562085235,2024-08-08
707,587,655,6,2448.5461937559458,29819.12289136795,2024-08-09
121,588,1210,9,1433.5787125104355,13443.120280996422,2024-08-10
320,589,223,1,576.8462639870888,12567.319708544372,2024-08-11
28,590,1452,1,1820.462486916097,32111.303569148076,2024-08-12
778,591,1115,4,1916.1948798144333,41002.928062476705,2024-08-13
191,592,678,2,4465.7718876207055,49566.88028037828,2024-08-14
450,593,1253,5,2742.534968719739,7962.11386457094,2024-08-15
411,594,1210,4,4119.775209112199,32265.70508492239,2024-08-16
610,595,1404,6,1703.1991859509026,31694.374803897037,2024-08-17
278,596,839,7,1288.2038862427785,9898.399909610645,2024-08-18
455,597,975,8,4932.589532428804,37906.951786445294,2024-08-19
1275,598,299,9,1326.7544525993007,24087.112081458556,2024-08-20
849,599,354,5,3459.3614806213523,34414.96654775707,2024-08-21
448,600,491,3,4733.933713968068,9651.634759010249,2024-08-22
125,601,360,2,1373.485261503477,45957.351527200946,2024-08-23
859,602,946,7,1012.9982676886082,46382.444994424215,2024-08-24
1034,603,548,8,4137.763071563562,23398.165626574384,2024-08-25
673,604,38,1,2531.5078682820777,2057.157023079636,2024-08-26
887,605,1041,8,4646.080624944311,40445.898832132094,2024-08-27
1141,606,147,5,2806.274314576948,22965.01083101558,2024-08-28
199,607,924,5,2774.945455951397,45885.45356894901,2024-08-29
1136,608,213,2,4990.115049672758,19719.38051867882,2024-08-30
950,609,302,5,3569.057703848759,42296.49860998431,2024-08-31
1006,610,1192,1,2810.176397162479,35889.47309067217,2024-09-01
527,611,1303,6,2692.351268793003,34589.86224526617,2024-09-02
1224,612,1134,8,1273.7258756400365,3788.635080768997,2024-09-03
704,613,778,8,2439.069552229722,30737.30096563971,2024-09-04
582,614,873,4,4878.542407663879,5487.650659547104,2024-09-05
1213,615,728,7,3402.727886630488,14931.341381468408,2024-09-06
1322,616,1365,8,1411.6783387259566,9765.451716692516,2024-09-07
1458,617,349,3,1824.9012006094624,48471.55393918302,2024-09-08
1001,618,1060,7,3639.648908266067,41605.21346213438,2024-09-09
879,619,20,8,4489.763090477087,33290.5184368184,2024-09-10
555,620,203,4,3880.745011782899,47729.854009921415,2024-09-11
598,621,1061,5,1696.974272090321,18123.668666720663,2024-09-12
1107,622,1062,3,3017.9866191982337,38141.683502813015,2024-09-13
83,623,315,2,569.5668406258063,48083.8754571739,2024-09-14
127,624,56,4,2435.004961117156,38404.5348934036,2024-09-15
485,625,1184,8,1340.952618216842,43863.33321872446,2024-09-16
40,626,352,2,1336.3806910565147,41710.54754688404,2024-09-17
727,627,878,4,1280.998288011085,2749.810429944489,2024-09-18
1028,628,946,2,588.1803918954158,48508.42862778521,2024-09-19
1030,629,67,5,3388.591609127995,23125.084257706083,2024-09-20
451,630,1240,4,1878.2014973560392,4235.000479133243,2024-09-21
837,631,1072,4,4176.678169236307,9415.705311411526,2024-09-22
821,632,473,6,706.796640098327,20581.680312396114,2024-09-23
451,633,11,5,3978.3137511263185,11374.330814367258,2024-09-24
174,634,447,7,1517.8217753663582,27122.23529563344,2024-09-25
1066,635,207,5,4418.706616375417,33721.19228653141,2024-09-26
1128,636,603,2,652.0800437077595,30356.125844679496,2024-09-27
730,637,1381,2,1788.8537769186755,4483.535163102235,2024-09-28
790,638,1383,7,2794.447531728491,27629.26886810922,2024-09-29
213,639,1101,2,1789.9634954603882,15265.40910798847,2024-09-30
861,640,316,3,1427.8059803439805,32901.07956060709,2024-10-01
1348,641,1210,1,4911.893748240267,49878.81382469914,2024-10-02
1133,642,328,3,3449.5158291657553,40286.20695084196,2024-10-03
418,643,816,4,4018.627270717603,24418.931806717053,2024-10-04
517,644,395,3,2039.1779626010689,10491.713843075677,2024-10-05
695,645,551,5,3094.871133403393,2756.144943450986,2024-10-06
315,646,215,7,4025.2918138836576,14779.311375566904,2024-10-07
1328,647,1113,9,2927.882845221205,34647.57152372534,2024-10-08
251,648,807,8,3218.0217911407954,40191.17892629235,2024-10-09
821,649,1447,9,1702.772079334361,7978.691165477976,2024-10-10
854,650,685,9,4527.23359904259,1961.7837647884326,2024-10-11
632,651,866,2,1311.2505687415023,16803.592297925843,2024-10-12
1240,652,224,1,1497.382588976392,45301.624896776986,2024-10-13
806,653,1047,9,2903.84248925845,20951.989455843646,2024-10-14
1409,654,4,8,4671.998617632851,25408.588021265514,2024-10-15
1421,655,1488,8,1825.1239287693104,1042.668693496064,2024-10-16
485,656,232,2,2110.2895897765584,44526.94879531262,2024-10-17
696,657,368,8,4133.5163364301825,29099.945452998872,2024-10-18
544,658,558,9,1220.3866938746983,722.3806310614486,2024-10-19
427,659,828,9,1948.9163814380872,17872.75575721963,2024-10-20
363,660,111,8,2240.6538978049157,8978.844801743391,2024-10-21
437,661,812,2,1094.2267117638103,42868.269056022385,2024-10-22
309,662,67,8,638.5174612677423,47013.32635755186,2024-10-23
850,663,1144,6,3362.121318312253,4433.751825965617,2024-10-24
204,664,1008,8,2850.959564684268,21015.76808650603,2024-10-25
1008,665,173,3,4565.743533008869,21945.53978390806,2024-10-26
1400,666,1240,3,1338.5574305696864,12907.517495888691,2024-10-27
132,667,755,3,3960.348387140185,12336.486114940462,2024-10-28
397,668,494,6,4445.962165234243,23890.600673539622,2024-10-29
684,669,860,1,2961.0801397817045,47797.263130521,2024-10-30
496,670,1184,4,600.3002233398807,30987.403004201402,2024-10-31
1184,671,725,2,4015.789823482162,5381.598091360216,2024-11-01
477,672,67,9,1634.903806459562,49138.95828311889,2024-11-02
827,673,7,3,4694.735019120045,14042.014003172935,2024-11-03
1113,674,1120,9,1999.154312783952,3774.6029884349005,2024-11-04
990,675,224,7,1844.4425589003154,31143.260867832225,2024-11-05
1474,676,174,2,3810.7847199976663,37204.061164279294,2024-11-06
136,677,761,2,3788.8066478507035,8109.110256622415,2024-11-07
585,678,1040,3,4021.282157937017,46997.20035731156,2024-11-08
1027,679,217,5,808.8554657207051,12765.283006711586,2024-11-09
1015,680,738,1,1711.9451117581377,23801.030132996326,2024-11-10
26,681,1115,1,1894.1031136069362,32195.65109183985,2024-11-11
376,682,1300,2,2067.1317696222886,17907.19577538156,2024-11-12
1273,683,1145,1,4127.154427320002,17885.9548387132,2024-11-13
408,684,670,1,1474.8679230537177,12806.719503531014,2024-11-14
1381,685,721,1,3624.121933412451,16226.27475517838,2024-11-15
504,686,416,2,1329.1727274895416,1983.7629783200794,2024-11-16
1308,687,1344,1,4691.092417233491,34258.12979086842,2024-11-17
1053,688,856,8,3079.3402631683025,31684.659549477998,2024-11-18
648,689,984,5,3945.195374998507,14013.042117511814,2024-11-19
394,690,1342,1,957.9148130010799,32763.72502886151,2024-11-20
767,691,68,6,2972.2037274095273,48043.86165333587,2024-11-21
1375,692,978,6,4652.547915724868,12039.923425347224,2024-11-22
670,693,1405,5,4182.913940389846,14006.292229222316,2024-11-23
1083,694,1305,9,4586.218826754258,17764.997908634978,2024-11-24
123,695,1131,6,695.8161818152086,13015.863592227153,2024-11-25
631,696,1137,5,3424.3247397384685,45493.47739186728,2024-11-26
1405,697,22,4,2053.0813763542164,25660.0710168096,2024-11-27
1160,698,396,6,4226.109945996879,46229.62568579049,2024-11-28
335,699,700,5,3296.6640512519607,19326.060650545587,2024-11-29
194,700,241,7,2088.545549071452,3822.6662516126726,2024-11-30
366,701,944,3,2148.808102593342,35906.776886284264,2024-12-01
1165,702,1478,1,1194.4067090466606,40983.15005552108,2024-12-02
499,703,591,8,3243.954503319485,49387.52866632232,2024-12-03
1248,704,442,7,1704.5066000513586,15674.848834697495,2024-12-04
660,705,244,8,3672.593882465538,14588.862026161261,2024-12-05
691,706,1409,3,3206.8014643528004,32487.46866490388,2024-12-06
922,707,1303,4,1673.6616571512327,30668.117195082883,2024-12-07
932,708,913,5,3997.0531732381496,26770.905636503827,2024-12-08
963,709,1263,7,2639.503986234901,10474.332263772381,2024-12-09
1162,710,1117,5,3336.546797880346,16888.69532607587,2024-12-10
183,711,466,9,3417.703699523477,22440.507082395914,2024-12-11
342,712,492,7,1253.3148936080852,4935.811925012251,2024-12-12
1160,713,80,7,1154.3201197725602,30872.60353981364,2024-12-13
660,714,354,4,874.8714584998302,47532.60989895205,2024-12-14
55,715,424,5,1589.195364236132,27395.088199941256,2024-12-15
1348,716,200,9,642.3149461455292,39401.909111671805,2024-12-16
1171,717,899,8,2117.3376456782785,47485.77871628613,2024-12-17
1425,718,570,2,4166.187038928832,17648.25701068009,2024-12-18
1127,719,899,4,1810.2674663344233,33811.24338505948,2024-12-19
1095,720,27,3,3552.0721285259606,43781.12483553283,2024-12-20
1419,721,1027,1,815.1994840356768,23267.742690528732,2024-12-21
258,722,341,6,3524.5432142810832,9887.227848106202,2024-12-22
774,723,1164,9,3439.1243492505296,27385.39067394254,2024-12-23
104,724,1288,2,4436.770182679316,44360.59755899016,2024-12-24
1158,725,1418,1,4901.945604521454,4788.0283729213215,2024-12-25
644,726,571,8,3679.87945710115,30896.248449009898,2024-12-26
701,727,80,1,3933.0345290066475,1634.051880382622,2024-12-27
1198,728,366,4,1938.0994921423453,11103.92441550695,2024-12-28
688,729,870,3,1820.6789970628297,28915.923165553057,2024-12-29
1217,730,1091,3,3082.1138780628,3779.4557932765606,2024-12-30
72,731,362,9,4992.792283175956,13079.687971162202,2024-12-31
790,732,1175,5,2417.0787809083204,3009.970530246818,2025-01-01
659,733,292,8,1937.6681115015178,14959.71105609013,2025-01-02
358,734,343,4,1881.2616115182195,30391.61675721888,2025-01-03
673,735,546,3,821.2469275901008,28390.071349285496,2025-01-04
1364,736,1304,9,1038.0903334014133,39857.64383038892,2025-01-05
1159,737,1495,5,4396.961615396731,34397.82623416239,2025-01-06
770,738,1337,3,4374.0550735465695,14469.845765046217,2025-01-07
802,739,1105,5,583.5388336952204,39812.308476181715,2025-01-08
831,740,479,4,2200.315294052167,22236.527646802257,2025-01-09
1500,741,1247,8,4030.5054487374305,2447.446247816494,2025-01-10
159,742,848,1,4529.55680318213,15803.838568710446,2025-01-11
1354,743,590,8,3387.393613630863,4264.691542801042,2025-01-12
383,744,695,5,2388.4124262655682,8808.569154766596,2025-01-13
902,745,1015,3,2841.7604113314164,6832.6238134514015,2025-01-14
844,746,1232,5,1831.9543479112565,41739.69049335103,2025-01-15
422,747,40,6,3462.5739720918673,22684.790392948715,2025-01-16
1102,748,1167,7,1515.932685310239,38035.59241172591,2025-01-17
808,749,857,3,4027.6848720834037,25104.830334475515,2025-01-18
702,750,1154,1,2958.1243633106196,21261.71037175813,2025-01-19
1191,751,976,6,4563.312286374503,35835.710702951474,2025-01-20
617,752,955,4,2829.169221026436,28850.59608569138,2025-01-21
23,753,75,3,2493.3007455647794,9275.389108996776,2025-01-22
103,754,225,4,4126.714407874124,34127.27691212764,2025-01-23
140,755,241,7,3736.860664676505,22384.244987533995,2025-01-24
613,756,854,7,2322.0257183960907,36926.328778310686,2025-01-25
790,757,1319,2,2134.746139826034,37634.535154164834,2025-01-26
269,758,405,2,3619.520142456335,24835.549707855,2025-01-27
649,759,1447,8,2387.8343480719045,16741.10840703065,2025-01-28
1279,760,442,2,3244.2259804717396,8311.60366145114,2025-01-29
699,761,95,2,3918.6637560408676,43332.34873097579,2025-01-30
418,762,1038,5,4546.451062000357,41907.54533735732,2025-01-31
1450,763,80,7,2988.9040653530983,49046.33753510716,2025-02-01
720,764,1084,6,3359.589470889189,9583.963559265054,2025-02-02
156,765,169,1,1816.8600576690314,18572.43714187223,2025-02-03
158,766,270,2,4674.28311593375,6134.688610995491,2025-02-04
181,767,681,1,4388.961830072231,22789.31613795797,2025-02-05
452,768,1379,8,1095.2742955889526,1743.8928408551556,2025-02-06
447,769,781,4,1809.4879277102507,11880.206331161848,2025-02-07
1161,770,652,7,2268.6809483733314,33325.85313838814,2025-02-08
854,771,703,5,1022.9964765687008,29923.59713475388,2025-02-09
301,772,113,2,3019.535357565283,49157.720150256224,2025-02-10
119,773,1333,9,2577.1797542539334,49347.96733292095,2025-02-11
107,774,1183,7,1489.938783883978,29714.77896486753,2025-02-12
870,775,41,1,4931.592721819134,33725.72836811498,2025-02-13
531,776,839,5,908.0272259325245,16179.830239522886,2025-02-14
574,777,86,8,4747.529457164347,1595.1260768267903,2025-02-15
1033,778,855,2,2682.075787135833,49867.91867178644,2025-02-16
521,779,1220,1,845.304058390705,11046.615888164504,2025-02-17
836,780,281,2,4195.881857099212,27125.05247214436,2025-02-18
1340,781,844,3,1475.821934688514,33239.23222998723,2025-02-19
577,782,1295,7,763.7310650194503,27926.2971369123,2025-02-20
670,783,736,6,2302.977942227526,39435.31632528877,2025-02-21
1496,784,159,5,1990.6973418988175,7222.187836762115,2025-02-22
1292,785,582,2,620.6993368135895,36108.00532171624,2025-02-23
1185,786,491,5,3155.009899307872,15534.087675707273,2025-02-24
1201,787,385,1,3189.752012421476,20988.677564785936,2025-02-25
27,788,453,9,3129.9781178098324,19809.10414459939,2025-02-26
1039,789,1079,3,4131.295481637617,31520.856540765697,2025-02-27
1099,790,1483,3,1727.816692219011,24624.441882332874,2025-02-28
1196,791,1215,6,4456.867695906445,31240.847989643837,2025-03-01
799,792,217,7,1831.0894719369305,21434.035298879902,2025-03-02
554,793,211,8,1778.296431843694,13746.935360829344,2025-03-03
708,794,30,9,3266.414464723611,4830.720802344861,2025-03-04
242,795,715,4,4230.973443795153,29244.863608478303,2025-03-05
647,796,446,1,2444.1489643664827,32260.86364682292,2025-03-06
738,797,953,9,679.1761036329892,41030.181745896836,2025-03-07
1152,798,255,1,1953.8868983962316,39999.38801401055,2025-03-08
849,799,17,3,2704.165362233193,22779.656344248382,2025-03-09
1187,800,348,6,3876.416198400181,1835.6637807904178,2025-03-10
461,801,407,1,2648.8658124739004,2212.8769564189824,2025-03-11
707,802,675,1,3253.763144294824,16680.426470224455,2025-03-12
227,803,378,4,4943.485326897403,43428.318749713064,2025-03-13
6,804,1188,9,3869.335375859009,22382.58743717992,2025-03-14
1481,805,536,9,2075.880247097206,9367.73647480476,2025-03-15
640,806,372,4,1165.6269133454189,25421.008861089747,2025-03-16
1181,807,829,2,2858.779051734026,14334.930276284489,2025-03-17
219,808,97,4,3848.5814466026004,21494.1734370046,2025-03-18
406,809,1051,6,4795.892855534264,20934.36442462605,2025-03-19
786,810,119,3,4693.020508966295,45472.91639807919,2025-03-20
1122,811,731,2,2697.024779116606,47305.60687008926,2025-03-21
1247,812,1483,2,3994.312649151507,23298.05626302346,2025-03-22
748,813,50,7,2801.2788575287645,24895.33311793703,2025-03-23
1248,814,355,9,3849.899161561452,29587.467318372666,2025-03-24
627,815,953,4,838.3442860017662,10853.189686708494,2025-03-25
1065,816,1294,2,502.84444785748497,30241.061918670694,2025-03-26
94,817,1168,9,3817.0201842128054,1182.2799304709142,2025-03-27
1463,818,198,1,4048.029724954769,31811.891776878794,2025-03-28
1085,819,1477,6,1884.3456231724856,36513.94105661481,2025-03-29
229,820,596,6,613.4415166969687,11168.345891649962,2025-03-30
859,821,1103,4,2787.783724562003,40360.88653709035,2025-03-31
85,822,173,8,2497.031991866438,26423.095976037992,2025-04-01
214,823,577,2,2532.379711789078,17409.432745997387,2025-04-02
373,824,925,5,4234.216813666397,5299.306752339623,2025-04-03
335,825,1044,7,2378.360199074925,43490.51752953881,2025-04-04
1359,826,763,1,2200.384202339038,46954.01220542449,2025-04-05
1058,827,1195,3,1653.5216120035577,30451.05266385844,2025-04-06
1013,828,458,2,2516.6279730223496,33155.52515966839,2025-04-07
974,829,717,2,632.853446735555,35863.850272275165,2025-04-08
1051,830,503,4,2166.9192912671183,7465.974163405809,2025-04-09
299,831,360,4,509.4466592363967,49069.3190554553,2025-04-10
866,832,1321,9,4125.435285167001,18206.665042934266,2025-04-11
1479,833,869,6,1859.1016572573867,42938.178248844444,2025-04-12
599,834,1246,7,4644.261420420723,17857.44928822946,2025-04-13
396,835,499,6,3431.5118204269074,30102.34894004046,2025-04-14
770,836,924,9,3390.1433400131486,20300.64936170984,2025-04-15
1018,837,441,8,1233.2838177024923,8539.768057855035,2025-04-16
740,838,880,8,1653.1689896082598,49658.09764495115,2025-04-17
634,839,977,2,1741.6834714737106,12810.845498090694,2025-04-18
674,840,17,2,3372.1269993894657,1470.4298193567977,2025-04-19
384,841,717,7,914.1671034132889,24175.534478500227,2025-04-20
132,842,59,5,2525.2164438741192,36699.63520295852,2025-04-21
1487,843,1211,4,1018.8838924656753,44320.85476163107,2025-04-22
1364,844,138,3,884.8299616638394,5368.273199624398,2025-04-23
535,845,934,9,4585.963479134274,1809.052315583005,2025-04-24
836,846,814,1,1054.4748247765651,41676.68003047409,2025-04-25
756,847,1025,9,4733.989687052404,38648.70562493686,2025-04-26
332,848,1202,2,836.0655307729055,29043.74853341426,2025-04-27
790,849,1379,4,1152.9866292589945,26838.5427951612,2025-04-28
1372,850,955,9,589.0698683460762,2816.515119157437,2025-04-29
1373,851,161,9,1532.283348775466,16993.75266495665,2025-04-30
420,852,911,7,2358.021203426194,24753.908423932484,2025-05-01
1428,853,1217,7,4853.7703997428025,3753.2883894559577,2025-05-02
1219,854,384,5,688.8764982474285,32932.3472847967,2025-05-03
1284,855,653,9,904.6956796945999,47181.86452598011,2025-05-04
1497,856,164,5,2041.0984472291448,18131.57398685213,2025-05-05
566,857,1017,7,2847.5890372879553,16996.483608142727,2025-05-06
974,858,395,4,4312.600285335935,690.6646981524651,2025-05-07
436,859,786,9,1897.6781136342872,5330.385250964691,2025-05-08
1467,860,160,4,2236.576110115995,40821.523050388016,2025-05-09
1287,861,1056,5,1447.3320853899877,39835.05635658477,2025-05-10
1130,862,1121,1,976.1547334417319,10404.157926422147,2025-05-11
1364,863,691,2,2726.3616809022287,36569.77073940407,2025-05-12
531,864,1489,8,4125.854840704369,17196.19655246863,2025-05-13
1279,865,411,4,3216.3224848686314,41571.86329603175,2025-05-14
300,866,1439,3,3780.3349498672505,42532.36024043042,2025-05-15
723,867,1250,3,3053.8929152296005,41746.56038245097,2025-05-16
939,868,614,4,3714.3516511734865,49712.158200528174,2025-05-17
1376,869,1214,5,874.1775151543941,32373.599929065687,2025-05-18
1289,870,558,4,2710.3593069409694,10260.71703375652,2025-05-19
1287,871,73,3,1382.198778867049,23447.90378584248,2025-05-20
1492,872,505,3,3913.45006727226,31512.102866350553,2025-05-21
159,873,1011,2,3601.1587062484027,47612.38449644595,2025-05-22
722,874,449,3,3460.7582548380938,3311.8823511176047,2025-05-23
105,875,1400,9,4137.480437378643,6770.04569781228,2025-05-24
675,876,1200,1,4303.705693896962,15428.884749642824,2025-05-25
625,877,1239,5,1523.4217566414263,40148.76838405228,2025-05-26
1098,878,919,2,1833.275759264329,39210.21804652364,2025-05-27
509,879,502,7,3432.002412415792,34940.29619882794,2025-05-28
810,880,223,1,3289.157953577519,33584.85817434323,2025-05-29
157,881,1241,1,1904.8316833939418,17560.312451069567,2025-05-30
22,882,1222,4,2315.637646981175,40412.50722429988,2025-05-31
1471,883,1098,2,3224.8971962716437,20967.465024242047,2025-06-01
125,884,1175,1,3080.2113462677344,1151.4100518207022,2025-06-02
1294,885,976,4,3784.014608157687,38840.46679341125,2025-06-03
1034,886,127,8,1799.1821002919114,17723.243533219298,2025-06-04
360,887,655,3,4452.992615789302,16896.275719833284,2025-06-05
385,888,409,2,1022.2305761902425,10668.571192949941,2025-06-06
723,889,336,3,3656.6524361428496,30059.814788158656,2025-06-07
1382,890,1292,3,4308.8713003034845,27096.687880040754,2025-06-08
822,891,1390,4,3987.690764072103,36055.94422962463,2025-06-09
422,892,1269,1,2569.562603468778,36471.07183368665,2025-06-10
741,893,538,8,654.8227320025368,32850.47577452088,2025-06-11
536,894,1323,9,1831.3603655587704,47316.265386654915,2025-06-12
134,895,1493,9,4334.778110965127,16907.12430994373,2025-06-13
755,896,804,1,1988.9242742445663,37876.013217004875,2025-06-14
794,897,1188,5,3251.5547836315654,26436.81585417547,2025-06-15
986,898,1005,4,1891.7651038710083,29538.89534568684,2025-06-16
324,899,934,3,3976.51523659903,29687.733988648208,2025-06-17
1003,900,780,7,1758.1683894425908,33190.263843358916,2025-06-18
35,901,134,3,2150.3417246294393,22884.660847704105,2025-06-19
842,902,1085,9,1415.770922443311,44576.878340653246,2025-06-20
525,903,928,9,3471.199454549373,21944.449022270255,2025-06-21
322,904,419,4,1135.7001415919121,34495.73910542468,2025-06-22
53,905,120,3,1959.1154279537766,42472.105697708896,2025-06-23
1046,906,1457,2,657.6404822338943,33912.79201749558,2025-06-24
1231,907,1475,5,4589.220532546833,10479.917042965742,2025-06-25
1499,908,852,8,2984.9396614149905,40975.828761706936,2025-06-26
1080,909,678,9,2758.447948169351,28514.393598251558,2025-06-27
1246,910,640,5,1158.5887554891472,18652.047190753896,2025-06-28
1430,911,650,6,2569.0114634476554,44113.89912003834,2025-06-29
42,912,1204,4,4176.8657255958715,5438.273746627994,2025-06-30
1171,913,1280,2,4375.879285608909,40816.56269802579,2025-07-01
1147,914,134,4,2177.769853513011,39471.808055649766,2025-07-02
1172,915,401,6,4132.329688608943,8370.833050597788,2025-07-03
1114,916,553,2,732.2884401186234,19611.365114487242,2025-07-04
576,917,1406,1,855.5201859438178,4387.72269730927,2025-07-05
61,918,457,8,1912.8985578861093,30823.601480738645,2025-07-06
678,919,238,2,4209.484363163578,5136.761939555476,2025-07-07
887,920,161,8,3772.842529600474,39139.697424957805,2025-07-08
1284,921,1378,6,1617.2156138942853,28916.570981657285,2025-07-09
2,922,257,6,3283.2594050718335,22102.640743676217,2025-07-10
670,923,1160,7,4147.084781242078,47908.3371686612,2025-07-11
1074,924,1263,6,677.5987663004729,38910.48932493156,2025-07-12
842,925,731,3,1676.3762429339217,11708.72579071234,2025-07-13
108,926,896,3,1935.8981337845516,18377.40146575967,2025-07-14
367,927,1203,8,3771.500264324179,47434.89319736479,2025-07-15
932,928,240,1,4333.969301157481,22502.86268205473,2025-07-16
1287,929,1128,9,3316.9213473007762,40783.930851462916,2025-07-17
1494,930,1418,2,3597.0261360728514,44680.11044038931,2025-07-18
106,931,926,2,1547.9493677278617,43189.47683661016,2025-07-19
1390,932,1165,2,3822.505069214251,1610.9388326491219,2025-07-20
1291,933,978,5,2290.9895798374882,48853.92095176599,2025-07-21
434,934,195,1,4096.299627801585,47791.78414327253,2025-07-22
789,935,195,2,1573.7729897067297,42249.78713176083,2025-07-23
1421,936,348,3,3242.562764664696,39066.38143632046,2025-07-24
1355,937,27,8,4431.497445014831,3867.7331516565714,2025-07-25
735,938,963,3,3114.8877613858513,28030.67177520593,2025-07-26
1093,939,1341,5,4512.210398798887,30653.259893118644,2025-07-27
292,940,27,6,2507.751292252893,36935.50663115074,2025-07-28
1203,941,555,6,2236.492828221597,45978.822875719874,2025-07-29
1149,942,755,7,2626.640525237998,34773.133703303756,2025-07-30
245,943,681,4,1038.1163024694538,33525.60287320832,2025-07-31
89,944,1443,2,1731.8847175390072,19691.652430032136,2025-08-01
950,945,967,1,3743.388618655764,28404.100673098208,2025-08-02
658,946,802,1,2666.627648955522,2580.4543345505062,2025-08-03
139,947,1439,1,2574.498917526291,24909.066463268508,2025-08-04
845,948,1347,8,3975.587646646679,13608.290519692635,2025-08-05
667,949,1223,2,3332.2949751526935,2840.721850492712,2025-08-06
184,950,1389,6,4587.1810848928,42976.15432767542,2025-08-07
1189,951,1202,9,4981.935139583889,16670.39188601858,2025-08-08
303,952,286,5,1879.835040737174,23316.49434507691,2025-08-09
987,953,915,5,1985.2645852217772,15296.537385022919,2025-08-10
417,954,924,6,4922.015162175822,40437.55086847996,2025-08-11
703,955,1113,7,752.3460988055191,41587.95718651416,2025-08-12
1456,956,1383,5,2558.7336236426067,46123.04442646853,2025-08-13
140,957,701,1,1097.1280513137717,28650.192143345976,2025-08-14
666,958,232,2,2560.3489683959033,46044.71495776105,2025-08-15
1319,959,1133,3,4909.242546584757,14901.10621872876,2025-08-16
1471,960,233,4,3183.1161884813073,10889.993802068619,2025-08-17
531,961,1072,2,3621.5391586755395,34476.11681264715,2025-08-18
1296,962,164,1,670.1573914937356,11084.830708345615,2025-08-19
380,963,417,9,4009.286713291097,5416.548984313135,2025-08-20
1219,964,878,9,2354.598706694356,35869.13776346827,2025-08-21
709,965,1224,4,3881.934461894923,1250.992603638434,2025-08-22
460,966,627,1,1251.8404484289135,8011.087893975686,2025-08-23
1293,967,1443,8,3685.252066436239,4293.2726094201425,2025-08-24
966,968,1402,9,590.5199877514249,12745.591856410472,2025-08-25
428,969,919,1,942.6492881275458,5491.439886947477,2025-08-26
971,970,406,4,2755.3013185910872,6657.919176539452,2025-08-27
672,971,971,1,2875.472713130427,25187.324444047536,2025-08-28
405,972,466,4,3805.677085213774,8082.450057299665,2025-08-29
1352,973,287,6,1230.3079665938067,1699.3350838311749,2025-08-30
829,974,269,6,1608.973744716635,48468.435103480915,2025-08-31
1304,975,1077,5,1828.97900425515,33406.255922607525,2025-09-01
252,976,1104,3,2767.226003012133,49635.4666531185,2025-09-02
1486,977,697,8,4145.479126189828,33635.0749386837,2025-09-03
427,978,54,1,902.1037718064385,41510.20058027829,2025-09-04
1272,979,192,4,2761.345433798318,22886.752198755894,2025-09-05
1355,980,979,5,3868.947578680961,32973.619669804946,2025-09-06
1306,981,377,6,4998.314395305687,42484.68466593651,2025-09-07
742,982,605,9,1196.7506901017546,33760.298560224845,2025-09-08
1377,983,584,3,4428.357679492856,23549.020593602385,2025-09-09
706,984,1371,1,3429.652187880722,20691.944045814544,2025-09-10
697,985,560,7,3181.303782230247,3488.9680593640264,2025-09-11
1376,986,680,7,2094.173629448282,16919.086431153508,2025-09-12
45,987,578,7,3233.9191417780125,38286.0715199935,2025-09-13
1118,988,1265,7,964.4175998361128,23384.109267226188,2025-09-14
899,989,1354,2,1315.4521694267737,27280.325179167772,2025-09-15
449,990,330,6,757.2499568436132,20295.436046107763,2025-09-16
1442,991,509,3,4759.289525841376,42199.493185212086,2025-09-17
94,992,1417,8,1158.2628511629791,30200.239644319492,2025-09-18
934,993,558,7,2165.674720213713,9543.693047006602,2025-09-19
554,994,1101,8,613.6919532340335,29695.34881272091,2025-09-20
645,995,389,2,2635.456676192442,4000.342759074692,2025-09-21
80,996,309,9,4122.1405723954795,20651.404708243925,2025-09-22
1393,997,971,2,4933.400173731934,14994.847105979929,2025-09-23
863,998,1011,7,730.3659366758297,33334.18027934637,2025-09-24
1254,999,758,7,2785.6288339293924,23941.018172825694,2025-09-25
932,1000,1339,4,3731.981002415587,6215.298306439287,2025-09-26
1496,1001,1126,3,1757.5819965204148,23942.010459766316,2025-09-27
923,1002,912,5,1431.92318146116,26671.238691163133,2025-09-28
632,1003,96,1,3536.411446295012,16856.454477642437,2025-09-29
205,1004,638,8,3191.2102047246503,15135.732955637,2025-09-30
715,1005,704,1,2282.178585159465,12381.209558825358,2025-10-01
1147,1006,827,3,1512.9206761738176,6581.072851397895,2025-10-02
153,1007,240,9,3375.604094271524,42393.37725078697,2025-10-03
1149,1008,1379,9,1377.3046148299009,7079.446617864414,2025-10-04
640,1009,1478,9,4117.794783046509,38268.534198238885,2025-10-05
1117,1010,966,3,3077.9668184990205,22320.279613097173,2025-10-06
533,1011,1122,2,1322.2560151311673,21898.499788796355,2025-10-07
554,1012,423,5,3794.077119265673,19278.681142731166,2025-10-08
448,1013,1417,4,1583.0029379533357,8602.683191541073,2025-10-09
1172,1014,145,7,4774.318290137016,21180.67912998496,2025-10-10
247,1015,2,3,2708.413332351004,43292.571788046094,2025-10-11
396,1016,1425,7,3648.574891018006,15931.477922919072,2025-10-12
648,1017,472,4,3625.187463873028,26593.97549575777,2025-10-13
1119,1018,1306,8,4191.348346837895,9101.132257742152,2025-10-14
852,1019,316,9,3269.879519407082,15801.30961644688,2025-10-15
1002,1020,1226,3,4706.181497578836,17468.596315777417,2025-10-16
1250,1021,611,5,3789.7011141877897,42980.10373487522,2025-10-17
636,1022,1481,9,2259.3854757976546,12590.565712858694,2025-10-18
960,1023,996,1,4925.945013536185,47440.9555442412,2025-10-19
1416,1024,221,3,1966.0299175440593,21539.584418007737,2025-10-20
1268,1025,737,4,4582.00950171307,37169.14653375204,2025-10-21
734,1026,88,3,4966.098498848805,19224.26214242359,2025-10-22
556,1027,942,9,904.1639065043639,23455.94835731352,2025-10-23
1217,1028,623,1,2368.0600845458084,35197.288175745256,2025-10-24
917,1029,488,3,777.8111179785951,44066.07317602894,2025-10-25
676,1030,481,7,1081.128962380931,15698.860172375998,2025-10-26
668,1031,198,1,2430.0466153488533,1554.115969845291,2025-10-27
689,1032,1376,1,4506.013341414951,16447.49101470557,2025-10-28
1108,1033,309,9,4823.287387683875,37148.167791517095,2025-10-29
22,1034,1108,3,1833.8610973999532,46207.40810818263,2025-10-30
763,1035,1117,3,3398.983693132852,9038.52621993485,2025-10-31
924,1036,200,4,1483.6472255623466,8322.67670909405,2025-11-01
348,1037,730,4,4727.093773994423,30133.957270609477,2025-11-02
1181,1038,1010,1,2951.7581638033284,22803.954069900745,2025-11-03
481,1039,646,6,4597.1842569350165,45028.201618858955,2025-11-04
726,1040,1302,5,2367.432088780506,16987.717623914294,2025-11-05
236,1041,200,4,4771.616021585793,11310.826078937424,2025-11-06
649,1042,750,8,2182.3235832273776,11887.51652789299,2025-11-07
1409,1043,853,1,2748.858963677627,14597.453604146533,2025-11-08
1477,1044,380,3,4516.834233174988,2987.194692405949,2025-11-09
569,1045,683,6,4358.630582302021,7271.024922530154,2025-11-10
472,1046,712,7,1984.3588891554077,35724.445325502464,2025-11-11
1476,1047,874,4,4584.871863800147,1543.5173086852467,2025-11-12
538,1048,320,1,1510.975717222207,23546.98998462038,2025-11-13
88,1049,1287,5,3766.226222056383,19606.103431796553,2025-11-14
646,1050,220,4,3377.4069680993457,41177.0791518211,2025-11-15
722,1051,877,1,3512.8266882099906,6260.472968436346,2025-11-16
199,1052,1047,5,3298.1153846731286,31556.960318877555,2025-11-17
415,1053,641,7,3038.439779578546,39821.73616400824,2025-11-18
4,1054,109,6,1965.0432518691055,25259.474443944444,2025-11-19
1247,1055,914,1,3442.4033104490763,21042.65987139076,2025-11-20
210,1056,871,5,2012.0176202329242,29841.745858801576,2025-11-21
1080,1057,1496,5,2527.657755720279,30031.077609714448,2025-11-22
102,1058,40,1,3216.2116160391265,34905.646029322816,2025-11-23
1158,1059,504,6,2946.7505324111917,30623.611651318464,2025-11-24
1060,1060,1085,4,629.771361917013,1755.5725815481583,2025-11-25
1079,1061,418,1,2485.2303971455767,31271.53398081761,2025-11-26
597,1062,1444,3,2330.1588708104928,24914.136187620195,2025-11-27
932,1063,430,6,1585.1869358896524,9914.031824487405,2025-11-28
111,1064,233,9,3655.3651908376346,34357.18679487507,2025-11-29
68,1065,183,4,2473.4630863366256,44573.90035622471,2025-11-30
468,1066,1440,2,4492.195475093182,34887.50904592642,2025-12-01
520,1067,1043,5,3200.9716878901318,800.8482149015665,2025-12-02
1391,1068,154,5,4183.266937745644,49643.76334891787,2025-12-03
132,1069,383,6,3276.4831275049237,38556.04121954482,2025-12-04
1069,1070,376,4,3650.77425670084,19865.775204137415,2025-12-05
788,1071,125,2,3367.5506350825103,36313.67886423854,2025-12-06
1011,1072,375,1,3136.5164537347796,29764.82853795727,2025-12-07
553,1073,815,3,4637.252378526726,44655.963142676206,2025-12-08
226,1074,1289,1,2210.2671473453365,40608.9668337332,2025-12-09
1205,1075,1099,5,660.4242253761303,33123.04076157404,2025-12-10
349,1076,631,4,1001.3943895609231,39320.4032837365,2025-12-11
1341,1077,224,7,1214.1797966057036,14093.408580622241,2025-12-12
1408,1078,1496,9,1495.3744162730259,14861.62345540621,2025-12-13
877,1079,1275,7,621.4582579573752,16776.238244144828,2025-12-14
1081,1080,899,7,2562.4856916428053,13155.865972205811,2025-12-15
1276,1081,1211,8,2467.4076352044253,10804.48567106769,2025-12-16
1204,1082,499,7,4746.509182403293,47638.344686047305,2025-12-17
1109,1083,1119,8,3844.6048080424043,45528.6363595064,2025-12-18
257,1084,1452,7,1123.3981685880337,47776.41139075112,2025-12-19
221,1085,675,7,4355.920768486196,9200.155151044766,2025-12-20
910,1086,51,2,3193.825081675455,33615.82586405429,2025-12-21
100,1087,305,2,2188.78810990334,46501.80477966128,2025-12-22
851,1088,279,6,4805.015758032188,5448.6834408283685,2025-12-23
203,1089,294,4,3387.923576753979,13577.91542207218,2025-12-24
71,1090,1016,2,4464.836040729662,891.3087669982534,2025-12-25
156,1091,1197,9,3327.75371319239,3851.001586013094,2025-12-26
442,1092,1420,8,864.5169402747179,38333.98540171765,2025-12-27
1387,1093,46,5,4024.0817205660665,12571.491530947182,2025-12-28
533,1094,805,4,2974.9356655681368,16286.068687051567,2025-12-29
614,1095,647,9,4712.760450840321,11512.747075639345,2025-12-30
1456,1096,1167,8,1720.9658126503261,29101.346072746037,2025-12-31
17,1097,77,5,4672.86777358933,34869.92441813917,2026-01-01
516,1098,1195,2,3673.6042393065145,25700.135530282754,2026-01-02
689,1099,1262,4,549.4088892664308,49250.86939311433,2026-01-03
1106,1100,909,8,3101.8531056120933,40213.854211297185,2026-01-04
173,1101,1147,4,1524.5909635556384,12573.511421554482,2026-01-05
962,1102,163,2,3183.6603801899946,6978.212088140663,2026-01-06
753,1103,211,5,4327.050436288815,32239.055584032234,2026-01-07
784,1104,1413,2,640.4721727595023,8841.62352844237,2026-01-08
130,1105,784,5,2513.5039280583305,3689.6663977055855,2026-01-09
252,1106,48,4,2197.1169308472963,12511.775434335363,2026-01-10
1453,1107,858,6,714.5407666736781,14192.735648582502,2026-01-11
877,1108,70,2,3998.6219763589784,43285.243801286786,2026-01-12
532,1109,447,1,1162.6798951268793,25362.7431994426,2026-01-13
194,1110,639,2,2375.8565067947948,26008.597137659657,2026-01-14
681,1111,471,6,1217.4929269753384,40745.94763677092,2026-01-15
413,1112,260,2,3327.4934623393196,44243.375881550324,2026-01-16
353,1113,570,6,4873.380055121952,4887.861842527454,2026-01-17
1078,1114,887,1,2610.7022115511463,41808.45652211205,2026-01-18
892,1115,367,8,1574.6523221117836,28602.591154865317,2026-01-19
534,1116,283,6,1288.047181572387,9917.607605464076,2026-01-20
750,1117,874,4,3643.3448813381397,6514.257896916406,2026-01-21
291,1118,55,3,4211.953432872047,13392.551212850494,2026-01-22
390,1119,323,1,969.8227444554673,2220.058351299302,2026-01-23
449,1120,1402,2,3841.551674280858,3549.679993927677,2026-01-24
982,1121,1261,9,4957.486454895797,3468.7509138955256,2026-01-25
1266,1122,18,8,1346.2295639980048,42791.1689395152,2026-01-26
1477,1123,1140,7,3366.8009989258485,29871.829072899727,2026-01-27
1083,1124,586,7,2526.8142138724743,29050.677959136276,2026-01-28
9,1125,175,8,2395.1741925326555,44950.995300498005,2026-01-29
772,1126,225,9,3699.3095784346715,20400.7480202911,2026-01-30
1043,1127,1258,4,4103.798630153782,44359.92422839166,2026-01-31
1455,1128,661,8,2621.1997525106217,27047.149217669048,2026-02-01
747,1129,403,7,2580.166627023826,44509.68815474985,2026-02-02
140,1130,1369,1,2745.846029057919,15042.822935905951,2026-02-03
659,1131,1051,9,2835.85216688118,24852.3847634873,2026-02-04
1335,1132,318,9,3575.308265330975,14665.447690746103,2026-02-05
722,1133,930,2,3534.156156703189,2964.9488099940763,2026-02-06
1384,1134,748,4,2884.7630891380545,40609.68256522112,2026-02-07
1438,1135,195,7,1431.205110308726,32232.767620508323,2026-02-08
468,1136,1237,6,4288.263726339021,40783.56703858477,2026-02-09
21,1137,1354,1,2383.9934545968335,38259.22749111463,2026-02-10
652,1138,293,1,2951.0670318754587,34843.49653845058,2026-02-11
1156,1139,790,9,2800.6423687758556,13803.67769315981,2026-02-12
1125,1140,1186,8,4446.897867043903,39534.89578876557,2026-02-13
433,1141,1218,5,2935.0753475955166,47087.25456542843,2026-02-14
1335,1142,347,6,1664.6346757595234,22763.502240737955,2026-02-15
402,1143,547,4,1441.8382998446666,31741.953677713173,2026-02-16
183,1144,1216,4,3683.29302068403,11515.717875848313,2026-02-17
336,1145,951,9,4832.363951197484,14887.156179732621,2026-02-18
1375,1146,951,8,2074.8005427729363,40992.58625311864,2026-02-19
624,1147,927,9,1910.426286452964,24592.17568753136,2026-02-20
98,1148,1391,3,622.0031372659374,24513.578545885066,2026-02-21
886,1149,398,6,4494.044171363862,9349.449051006151,2026-02-22
571,1150,52,7,945.9404661331364,26043.160107757412,2026-02-23
105,1151,649,5,3179.7184064389867,12984.680612091646,2026-02-24
1010,1152,1034,5,4349.784681055393,20540.53227848128,2026-02-25
787,1153,140,9,3527.5996051777265,21695.175018252587,2026-02-26
634,1154,1308,7,4884.9230219960655,4890.380672406371,2026-02-27
323,1155,490,6,3377.4429925940685,18068.064848534887,2026-02-28
133,1156,1131,7,1007.9284170222509,47274.26279579274,2026-03-01
994,1157,1030,7,3336.725236946665,1611.1824891743236,2026-03-02
286,1158,246,7,3131.185162862894,40966.61042016405,2026-03-03
701,1159,767,7,3071.065332557512,40068.225619574856,2026-03-04
1268,1160,577,7,2623.788850687219,20526.580097655304,2026-03-05
478,1161,806,2,2493.7838347747256,35659.242053189606,2026-03-06
1471,1162,865,1,887.6773515988539,27790.90893522192,2026-03-07
243,1163,1294,3,1989.088570139775,27955.622831088545,2026-03-08
491,1164,1494,2,1934.690956645815,18026.528206735024,2026-03-09
1061,1165,667,8,3638.842621621448,48293.468838910296,2026-03-10
1139,1166,1295,1,2922.336787672437,41103.678445722755,2026-03-11
533,1167,1135,1,1749.258948555622,10905.093498587994,2026-03-12
337,1168,1436,8,1804.6879711458719,24238.78641996074,2026-03-13
59,1169,125,9,3512.068474202499,8027.441176661178,2026-03-14
839,1170,496,3,4144.258902141211,12204.02164037568,2026-03-15
504,1171,1481,2,3827.9714220820447,9877.209301285917,2026-03-16
1091,1172,929,2,3021.4824395815717,8267.861561710237,2026-03-17
359,1173,824,6,4163.445725838808,20997.81679998465,2026-03-18
402,1174,725,7,3523.209412702647,28170.03640504503,2026-03-19
149,1175,607,7,1089.312429833939,25511.078815406945,2026-03-20
580,1176,505,7,1026.3706356696075,8749.705439030433,2026-03-21
1284,1177,1402,9,1132.3145310523985,20571.824815221415,2026-03-22
778,1178,1448,6,1288.1920924332778,16554.91822487345,2026-03-23
549,1179,372,9,4476.609323257362,43225.96964231926,2026-03-24
1149,1180,899,5,4238.508158710682,17514.11944590934,2026-03-25
427,1181,428,1,3621.19704210252,18816.74504541577,2026-03-26
29,1182,1256,2,2922.174161408812,16231.493370883589,2026-03-27
210,1183,836,5,3763.5307657390904,24513.704883341117,2026-03-28
1228,1184,926,5,3013.3678530259554,16154.71269979044,2026-03-29
537,1185,550,8,1437.2915933144727,14903.054444674612,2026-03-30
686,1186,1033,2,1609.333139524192,21226.402106598456,2026-03-31
1359,1187,621,8,3859.07932416273,42250.13307207997,2026-04-01
574,1188,997,4,3358.8207885595857,47130.67325401701,2026-04-02
534,1189,256,8,1194.6995630300057,13006.994941667455,2026-04-03
173,1190,962,1,1617.326967961869,33467.32624481444,2026-04-04
1385,1191,319,2,2305.1477595485867,6604.96290343361,2026-04-05
896,1192,455,8,3473.162647492955,10631.13192415415,2026-04-06
80,1193,1360,9,4067.5736087003415,33980.88295822726,2026-04-07
669,1194,499,6,4923.80194978189,26899.704114667937,2026-04-08
1296,1195,230,7,4188.121656535885,24626.610291228757,2026-04-09
732,1196,774,9,2958.0176373490676,34113.336623194766,2026-04-10
1253,1197,214,4,4050.767182790533,31428.232208507445,2026-04-11
839,1198,992,8,1550.3676409173904,15680.759100461311,2026-04-12
675,1199,852,6,738.4714347010895,24322.363668607777,2026-04-13
176,1200,108,5,3757.5203429378307,13613.153950827034,2026-04-14
421,1201,266,4,2609.23659619678,27040.466527408356,2026-04-15
613,1202,651,5,2107.705516595205,5303.883369136586,2026-04-16
1313,1203,1219,1,4200.671247685355,49204.10044090542,2026-04-17
624,1204,1086,6,4446.849435546972,1360.7888636580008,2026-04-18
491,1205,868,7,2779.4698616395863,14386.759800258553,2026-04-19
1089,1206,360,6,2473.727127255558,12108.342912077605,2026-04-20
655,1207,1347,7,2125.4606649415596,12420.021639778923,2026-04-21
1217,1208,370,3,636.9051843943374,11065.34087874435,2026-04-22
1188,1209,1463,7,4601.5948876308985,42615.94423696263,2026-04-23
574,1210,51,8,1646.4763686185413,19462.983389154728,2026-04-24
1481,1211,1234,3,2288.152265864963,13204.325789760316,2026-04-25
1249,1212,936,7,2263.677176130881,26799.75408341061,2026-04-26
857,1213,940,6,1543.2701954902072,26953.227430224135,2026-04-27
1032,1214,1373,4,4889.030657379242,49217.10807730173,2026-04-28
196,1215,422,8,3489.8807410546783,31114.97321944884,2026-04-29
516,1216,1264,8,2212.281620314928,25349.842560144247,2026-04-30
1146,1217,586,8,1088.6645202490831,46086.039871153196,2026-05-01
1290,1218,1018,6,4792.070482310329,4186.745359146427,2026-05-02
1257,1219,50,4,3019.8005713172874,18656.012824672634,2026-05-03
159,1220,467,4,2406.689103868028,1755.685573759652,2026-05-04
45,1221,801,1,4628.366792078309,17470.00876594971,2026-05-05
1119,1222,758,2,3430.3156701025646,46734.17455760031,2026-05-06
1419,1223,244,9,2205.717585740508,42849.1920489325,2026-05-07
1283,1224,1198,7,1205.4705972624997,34817.337711919354,2026-05-08
533,1225,727,7,4990.92391112003,39410.3684187181,2026-05-09
1456,1226,1278,5,525.2450355831884,755.4671107573473,2026-05-10
1158,1227,1421,6,1028.7103757939608,6035.016411627277,2026-05-11
1236,1228,232,4,4285.879034469177,39235.76832942601,2026-05-12
1257,1229,343,8,3071.769819581499,37257.37750618035,2026-05-13
851,1230,320,9,3131.1840000724956,32192.30628497778,2026-05-14
1117,1231,150,8,4053.981191012038,4479.880135167225,2026-05-15
405,1232,190,1,970.7026871539565,1497.251253623121,2026-05-16
1343,1233,1254,2,2664.2349432664428,8459.28940146972,2026-05-17
1125,1234,673,8,3442.4550736408623,46682.72219296837,2026-05-18
51,1235,1248,9,2222.132884752773,47665.79930528806,2026-05-19
22,1236,1226,6,2121.5084338733964,38784.55943717511,2026-05-20
250,1237,1087,9,974.7216911537091,45255.5468046668,2026-05-21
1074,1238,1286,6,3106.8865497837846,42825.98171395363,2026-05-22
1225,1239,949,3,4625.911387321939,19315.26875110875,2026-05-23
52,1240,64,7,801.2722918373781,41593.45408177341,2026-05-24
210,1241,1029,9,3432.751077023079,23663.723120670267,2026-05-25
1225,1242,250,3,2853.5773628762163,12511.750334391407,2026-05-26
769,1243,930,4,4182.328588516744,31440.226895210144,2026-05-27
596,1244,1264,6,3603.194557550707,14272.811738698607,2026-05-28
489,1245,1421,5,2501.554049408862,28615.4056414974,2026-05-29
259,1246,1113,9,4201.142325435994,1402.0445310466512,2026-05-30
241,1247,1364,1,1312.4540221128045,43469.65946936288,2026-05-31
208,1248,577,3,3795.1404890482827,18057.436234468707,2026-06-01
937,1249,75,5,1658.4762606556794,37022.89481712543,2026-06-02
160,1250,574,8,1705.1178584988054,45194.77694310226,2026-06-03
293,1251,1053,2,1741.8521683592862,1548.570419223837,2026-06-04
252,1252,1304,7,2747.832686337349,42105.52354102114,2026-06-05
231,1253,712,4,1325.43380570006,45064.77268560208,2026-06-06
1378,1254,1078,5,2942.027417045687,27221.06315905802,2026-06-07
1295,1255,1223,2,3615.6373301269937,48709.42748641454,2026-06-08
519,1256,1402,3,4967.8640535722325,30410.06993214111,2026-06-09
367,1257,720,1,968.9694433815334,28445.818691356595,2026-06-10
264,1258,1118,8,3063.5202657104537,2736.976326971069,2026-06-11
887,1259,470,4,3605.3153834264144,4292.062533337608,2026-06-12
902,1260,511,3,2245.7299718379863,19318.225762232047,2026-06-13
1262,1261,1282,6,3646.064830289948,35224.150627576004,2026-06-14
713,1262,305,5,4919.958540190058,2488.357961503112,2026-06-15
319,1263,1205,3,4931.407213200687,13685.523500171272,2026-06-16
47,1264,231,4,650.7887946542844,39003.07811351781,2026-06-17
1093,1265,1192,2,4505.589100998968,37783.914469119554,2026-06-18
1246,1266,1332,4,2175.5602805786702,32064.18038766802,2026-06-19
101,1267,951,1,3152.1819060615735,8825.530122473767,2026-06-20
586,1268,102,8,706.5200500595296,1792.785385729436,2026-06-21
251,1269,909,7,4683.067801362247,26548.850387195387,2026-06-22
315,1270,990,8,2410.4038594127837,36307.80188251434,2026-06-23
869,1271,18,4,1108.8486516430103,11304.931884735945,2026-06-24
898,1272,182,9,3094.1547353537417,26456.151019768302,2026-06-25
1291,1273,633,2,3852.5834671662833,14069.205864811507,2026-06-26
273,1274,897,8,973.9447722889358,21129.87674015971,2026-06-27
969,1275,1324,9,4959.766858441768,24708.242166738146,2026-06-28
1283,1276,1185,1,3831.914721821389,29009.927943676466,2026-06-29
10,1277,1036,6,4014.207710026669,28579.741894739625,2026-06-30
1365,1278,1352,6,4283.18283334216,12057.356790799884,2026-07-01
996,1279,266,4,700.672529263848,1278.8304126885232,2026-07-02
993,1280,884,9,3626.746392015922,13142.61528737861,2026-07-03
45,1281,277,1,4499.884829992996,42811.77283394888,2026-07-04
1090,1282,379,5,3673.504703799629,27462.81645470697,2026-07-05
893,1283,1246,9,3921.00482783573,18649.73837192418,2026-07-06
661,1284,1358,6,3861.044925273474,28119.473823604134,2026-07-07
623,1285,1057,1,4035.7183945408783,23016.53392630337,2026-07-08
1154,1286,1271,2,2633.6132605283483,5066.664302778671,2026-07-09
175,1287,515,4,2892.4644254796394,9165.53503364334,2026-07-10
522,1288,1000,2,1093.6678632460835,34604.35356549447,2026-07-11
1138,1289,647,6,988.2769736976646,31824.155185403142,2026-07-12
1098,1290,38,4,4257.423025064016,45820.46270700149,2026-07-13
1209,1291,622,2,1823.1991544814189,15542.693764779891,2026-07-14
49,1292,241,1,3239.9785107220496,21445.76006312428,2026-07-15
906,1293,565,7,691.3916037516128,44701.03204627742,2026-07-16
1454,1294,965,2,1493.7955957506038,5382.00129083335,2026-07-17
1209,1295,1363,4,2910.25661409622,1400.8332107429678,2026-07-18
236,1296,1272,6,4016.0650984391914,39994.337672959955,2026-07-19
724,1297,640,8,4509.350457463771,47375.263570832634,2026-07-20
650,1298,1254,9,2473.61892226058,28884.429267945736,2026-07-21
1326,1299,403,4,4732.443322584,13240.163426549121,2026-07-22
1338,1300,241,4,4547.17363505691,25788.837746990623,2026-07-23
1064,1301,1022,1,819.1391228833976,30193.876091048332,2026-07-24
387,1302,1167,6,3539.4181348197676,29088.42893586408,2026-07-25
1081,1303,456,5,1355.9453459416743,7254.737803887136,2026-07-26
1254,1304,859,1,3220.4600801216407,43406.179528588524,2026-07-27
1343,1305,169,3,1116.8094070756215,1030.5713922671316,2026-07-28
1376,1306,1446,1,1709.4142208789897,47994.83208994077,2026-07-29
1058,1307,757,5,3015.0006432723458,20254.35469540097,2026-07-30
1437,1308,471,1,2247.1102854863843,20376.972156264663,2026-07-31
1021,1309,52,3,2480.585651331892,3563.5207213910608,2026-08-01
754,1310,952,3,602.1133667417259,29030.40172774323,2026-08-02
1488,1311,729,5,1468.561555174967,5514.843007609333,2026-08-03
1138,1312,899,7,4658.873356613026,35938.13081864481,2026-08-04
850,1313,710,7,1122.1315379452362,33504.3417614947,2026-08-05
1256,1314,1442,8,3955.365910031071,17014.41778435362,2026-08-06
569,1315,860,2,2660.7945573181346,21823.55881921654,2026-08-07
520,1316,611,6,3319.226959892806,12460.771196785172,2026-08-08
1038,1317,623,6,2682.3034340670483,27371.437453489256,2026-08-09
452,1318,1362,3,2631.911083207129,12275.310788275156,2026-08-10
1455,1319,322,7,834.5696612180911,30841.274227088506,2026-08-11
54,1320,1342,5,1042.4900168429529,4100.087489483238,2026-08-12
548,1321,293,4,4938.97508880498,6405.237241906098,2026-08-13
803,1322,853,5,1491.7315061697707,43097.577212412994,2026-08-14
1285,1323,963,1,4726.483271598895,36991.00729844613,2026-08-15
173,1324,740,7,635.8073433039992,11598.75004806763,2026-08-16
546,1325,642,1,3453.344055408518,19711.944242873677,2026-08-17
1160,1326,579,8,1053.7068878571984,1350.1112405963045,2026-08-18
338,1327,413,5,3686.693694160759,8531.468673757994,2026-08-19
167,1328,630,7,1488.3876139973117,35553.2854476352,2026-08-20
1004,1329,832,1,4983.50871157074,35852.54886982435,2026-08-21
931,1330,466,5,3115.0594914369426,45497.314153577325,2026-08-22
820,1331,139,7,4185.920894641723,44361.755326880586,2026-08-23
1057,1332,167,7,1136.7720483808494,25525.435394976997,2026-08-24
646,1333,977,8,2007.1899209905444,5079.760209766947,2026-08-25
1188,1334,113,9,893.190364393893,34457.50647424969,2026-08-26
123,1335,266,2,574.4926369513216,11006.90883247579,2026-08-27
1007,1336,1487,3,2271.7108081447295,10525.94819774261,2026-08-28
1350,1337,521,9,2482.423449859426,3570.4627358952544,2026-08-29
64,1338,648,7,1904.1932100880758,40427.08498376738,2026-08-30
357,1339,162,5,3428.7603023360543,49403.716667181456,2026-08-31
261,1340,267,3,2138.0522634387,36847.12948690796,2026-09-01
350,1341,66,4,4096.70402599574,45492.57216153069,2026-09-02
964,1342,1311,5,4367.683662695825,21204.113318598254,2026-09-03
145,1343,933,6,3973.8172495932567,1946.492357755217,2026-09-04
336,1344,762,6,639.8660156820115,22039.967225403765,2026-09-05
550,1345,225,7,3572.802850786706,40813.4194251849,2026-09-06
948,1346,55,9,3672.2634974580324,42918.77101560992,2026-09-07
1048,1347,1159,6,4423.425129844647,14046.318179496837,2026-09-08
1044,1348,751,2,3951.675454287704,26461.28487561994,2026-09-09
210,1349,187,4,2407.249475584944,26985.15830314879,2026-09-10
775,1350,635,5,850.9951518533202,38287.485649899536,2026-09-11
195,1351,1415,8,1846.198189446087,40805.001027574064,2026-09-12
1157,1352,1250,4,3241.528338428335,14846.219179791893,2026-09-13
419,1353,251,1,4046.035538228603,23231.41547757848,2026-09-14
672,1354,23,7,531.3196408133739,18053.61922305252,2026-09-15
1424,1355,1351,2,1423.2057675672468,28695.045587990666,2026-09-16
365,1356,562,5,3979.8170190530386,40311.46745918791,2026-09-17
853,1357,1005,5,4688.049806334386,38548.30603534429,2026-09-18
1457,1358,1454,3,2944.482548709357,1129.7645833952338,2026-09-19
1098,1359,1327,6,2521.820130582787,10521.13336865339,2026-09-20
428,1360,486,3,3686.3247773385788,39196.24876281542,2026-09-21
253,1361,916,6,2332.1458831861173,43288.63836891847,2026-09-22
1112,1362,491,9,2296.6481855588745,30017.927280571377,2026-09-23
363,1363,351,9,2265.526431446102,27077.68523430902,2026-09-24
762,1364,934,4,4204.517216543063,42742.13445775405,2026-09-25
1057,1365,568,7,538.5751845800876,40172.85261505765,2026-09-26
123,1366,616,1,2091.2328983157468,2689.1121663358904,2026-09-27
560,1367,753,8,831.6908527193234,17298.19205780759,2026-09-28
1276,1368,937,7,4339.695640987698,3946.1430370485077,2026-09-29
1429,1369,432,7,4290.965599899602,42695.53576119217,2026-09-30
307,1370,592,7,1065.4627024360657,22664.80298379194,2026-10-01
172,1371,965,2,3062.0598624819763,22235.513493309703,2026-10-02
915,1372,1083,9,4904.209768385269,16141.901169643364,2026-10-03
979,1373,1101,2,2942.559814892275,48792.57301108568,2026-10-04
1241,1374,439,9,1888.6047126678488,14342.635212577688,2026-10-05
413,1375,1028,2,4022.6371627891344,23439.573212529383,2026-10-06
1346,1376,768,9,1040.5022506539954,23686.3871323996,2026-10-07
61,1377,306,6,1503.3656649248123,37496.0822559228,2026-10-08
1377,1378,1207,5,1505.136100694675,30998.414647773923,2026-10-09
989,1379,1224,1,1375.144180201697,39180.764605830045,2026-10-10
894,1380,484,9,4793.952858523618,4684.405227111059,2026-10-11
1487,1381,148,1,3221.2154954203575,15115.38362410883,2026-10-12
871,1382,750,1,3411.683758027268,16501.265106353807,2026-10-13
1287,1383,534,4,2618.342557576015,45235.08587685652,2026-10-14
1338,1384,1250,6,1574.4312059318293,31674.884845510143,2026-10-15
125,1385,847,5,2523.4178707904366,655.7229215958672,2026-10-16
332,1386,604,1,3895.118898374978,36682.179760981024,2026-10-17
1417,1387,1151,4,4954.863944850359,39364.63443277274,2026-10-18
309,1388,428,9,1393.1734690723345,42041.63326663394,2026-10-19
107,1389,988,7,2798.158804513359,24558.608721475874,2026-10-20
679,1390,940,8,4308.309644794357,25630.46300127486,2026-10-21
865,1391,79,8,4021.429981394093,15926.077300981557,2026-10-22
685,1392,1196,7,977.8332180326427,20786.540644491517,2026-10-23
964,1393,937,8,974.2658820279906,25758.235474340858,2026-10-24
196,1394,91,6,4382.7542756796665,29070.280540860913,2026-10-25
940,1395,926,3,3463.52864071319,38961.46057065895,2026-10-26
710,1396,134,3,969.0308706635759,9015.364439868814,2026-10-27
988,1397,1070,8,4356.493909809853,31177.720406534307,2026-10-28
1241,1398,1434,3,746.4610831758654,30564.563193033526,2026-10-29
932,1399,115,2,825.4701277736241,24314.555065284134,2026-10-30
1488,1400,616,1,4919.081427481748,35513.4303919632,2026-10-31
687,1401,615,4,1898.05937467815,21562.510305350424,2026-11-01
86,1402,758,5,4966.385521137342,4519.6557357699185,2026-11-02
870,1403,805,9,2413.391930643127,37937.12425016541,2026-11-03
963,1404,855,8,3797.6566622220644,31556.080958744275,2026-11-04
1486,1405,1278,8,3684.7575642610486,41858.99691132939,2026-11-05
1370,1406,1050,5,714.3374694507881,7665.032513104127,2026-11-06
312,1407,230,5,4078.4597383945597,7276.380016782385,2026-11-07
1156,1408,1161,5,959.0656033749258,40339.683715554034,2026-11-08
1432,1409,1346,5,798.0388224775845,49883.14421193195,2026-11-09
679,1410,345,6,2264.3512622234057,32956.80723553192,2026-11-10
1048,1411,443,1,1412.6091714433742,9553.648499018198,2026-11-11
128,1412,1141,4,3114.5974189049552,40756.79882637944,2026-11-12
37,1413,1244,5,1144.2318017907673,14155.32440216368,2026-11-13
721,1414,395,4,2084.4429706324127,49533.2197434135,2026-11-14
80,1415,280,6,2678.9947501874362,3122.231238775327,2026-11-15
979,1416,357,1,3904.1481894398294,8931.551798115213,2026-11-16
1245,1417,354,9,1098.4436869345886,42862.01460406975,2026-11-17
57,1418,714,2,4352.318091767909,7978.8142626515655,2026-11-18
1412,1419,1036,3,1609.0729910018563,30133.112471154112,2026-11-19
349,1420,307,8,3103.9509445033873,7219.021993307711,2026-11-20
1164,1421,1256,3,1247.38782614718,4238.528457102876,2026-11-21
767,1422,259,7,1961.8901197112302,49149.41072421618,2026-11-22
730,1423,1400,3,1241.7265834370646,23769.42902746851,2026-11-23
776,1424,731,7,4544.17723255547,35386.30762353326,2026-11-24
73,1425,204,5,1679.1190076618952,23509.704016640993,2026-11-25
1326,1426,112,9,1240.79595706913,45888.42847399183,2026-11-26
383,1427,277,2,1734.0396146665666,49969.44376684653,2026-11-27
620,1428,119,7,1043.7997930862034,2004.267514932206,2026-11-28
285,1429,1431,7,4504.581845808754,46421.55842638265,2026-11-29
879,1430,103,7,788.408297934356,16247.72909751815,2026-11-30
488,1431,482,9,1584.1524875761227,17924.91823242436,2026-12-01
567,1432,1401,8,3609.1273593710293,45814.57175561351,2026-12-02
460,1433,396,9,4914.845899997013,26386.802895448644,2026-12-03
455,1434,1365,8,1384.532704579019,39647.27017062847,2026-12-04
404,1435,827,7,3278.742494606904,6356.080943846708,2026-12-05
857,1436,1195,9,3808.617140531104,40569.99113136261,2026-12-06
383,1437,592,2,753.9593995706713,38436.956495799146,2026-12-07
1175,1438,1298,4,2867.564021802933,14482.342688430163,2026-12-08
1118,1439,1256,2,652.7035376255392,34740.38807226602,2026-12-09
473,1440,251,7,4407.402782646967,10181.52243187051,2026-12-10
460,1441,71,8,3266.825851663728,25801.773746659335,2026-12-11
358,1442,288,4,1609.5848309360242,29898.50298410158,2026-12-12
494,1443,868,5,3285.963499342842,38580.76813539167,2026-12-13
750,1444,381,6,4141.513848982588,36489.82463028557,2026-12-14
1251,1445,1150,5,2130.7207368411337,28552.311069493913,2026-12-15
203,1446,921,1,3045.85444413462,20459.71164424279,2026-12-16
913,1447,582,6,3611.5192187052266,9016.973258881884,2026-12-17
561,1448,1165,8,2917.3090558630884,35848.402131843104,2026-12-18
449,1449,331,7,1146.0215316936335,45876.75037982487,2026-12-19
232,1450,1358,5,2816.155535033234,30287.51392968437,2026-12-20
13,1451,1194,3,4078.752545760427,18093.839202155246,2026-12-21
70,1452,406,5,1163.8845824346758,4680.395926061819,2026-12-22
209,1453,622,2,4842.060320942236,7102.4238421499285,2026-12-23
774,1454,382,9,3833.1418587937073,34012.07687590169,2026-12-24
703,1455,1369,5,3885.286742986419,24642.060328914784,2026-12-25
1425,1456,806,2,4444.443036345365,13576.479451362567,2026-12-26
793,1457,352,9,1522.2456896528602,43518.292491064916,2026-12-27
1495,1458,103,9,4878.465558870531,16879.580292241793,2026-12-28
1241,1459,310,3,685.868034693579,15340.755229591414,2026-12-29
1147,1460,280,5,2066.9243077797223,29827.874150079817,2026-12-30
271,1461,1494,2,4560.773610035693,29739.215486548856,2026-12-31
562,1462,829,6,2193.1589153129107,2343.6898774769215,2027-01-01
695,1463,1105,1,1291.0930183229889,46815.433103083626,2027-01-02
1138,1464,1247,6,3014.6641699681973,40728.2419203513,2027-01-03
1397,1465,102,8,629.4667914722058,30808.59226148584,2027-01-04
135,1466,1263,1,1235.943285152562,20931.280715059198,2027-01-05
1412,1467,1443,7,1104.324984390394,10874.554573813613,2027-01-06
564,1468,685,2,679.3448035730028,48005.94397912974,2027-01-07
1175,1469,286,4,4204.932994500459,28806.12662835299,2027-01-08
1060,1470,677,9,2289.005298190011,39962.21106055955,2027-01-09
245,1471,292,1,4073.9802237358344,24534.37098345914,2027-01-10
397,1472,790,1,2552.816564176471,49411.550751847775,2027-01-11
1295,1473,601,6,3527.7646100653633,48434.081591347756,2027-01-12
294,1474,92,7,2208.840482185191,21283.41185198863,2027-01-13
1201,1475,1022,6,552.0556249967751,32317.795689270737,2027-01-14
1237,1476,865,5,1493.2052011608375,2561.39710221463,2027-01-15
378,1477,238,9,3869.526572923108,11936.24541404838,2027-01-16
974,1478,642,4,2120.614945579317,16886.816561191197,2027-01-17
350,1479,1424,8,624.5126975809089,41856.49010440675,2027-01-18
438,1480,1359,7,4185.223740778933,18775.09235857571,2027-01-19
47,1481,726,1,1161.3186810645002,32601.525548683465,2027-01-20
1181,1482,1012,8,2335.4324812550003,12657.463728184504,2027-01-21
515,1483,965,4,776.3026752265514,29404.69139854793,2027-01-22
1085,1484,366,4,4133.541639312656,23896.36976583165,2027-01-23
111,1485,1286,6,3065.932183243243,36160.4172698774,2027-01-24
120,1486,319,5,868.3316942749268,37724.55650975066,2027-01-25
100,1487,661,1,3729.923273300401,47210.35835433256,2027-01-26
879,1488,1042,1,3721.0995342090523,42239.06555483289,2027-01-27
561,1489,1375,8,1140.6168903580829,11084.178115891144,2027-01-28
919,1490,1129,2,655.2054325886145,6138.693821861655,2027-01-29
517,1491,644,1,3801.2464426132115,4791.1577955525,2027-01-30
845,1492,99,4,1221.624919895935,37751.48592257346,2027-01-31
1352,1493,525,7,1633.5478825691373,43846.3266319387,2027-02-01
1366,1494,255,9,2427.1662941660943,14630.449097994051,2027-02-02
345,1495,1357,7,619.2255194580932,23784.462453979944,2027-02-03
1461,1496,926,7,957.5865090652094,25242.97392232381,2027-02-04
900,1497,1124,9,3755.5918260142503,30582.61606472714,2027-02-05
89,1498,866,1,4379.63314266703,8937.463561289478,2027-02-06
100,1499,1330,6,4971.848329602364,8314.657730121573,2027-02-07
370,1500,160,2,2067.135131272037,798.1786355559618,2027-02-08
